class,module,npm_install,jelly_exit,seconds,note,packages,modules,functions,code_size_main_kb,dependencies_kb,edges_fun2fun,edges_call2fun,calls_zero_or_one_pct,calls_multiple_pct,calls_native_external_pct,calls_total,funcs_zero_callers_pct,funcs_reachable_pct,jelly_time_ms,jelly_memory_mb,errors,warnings,oom,unresolved_module_warnings
prototype-pollution,101_1.0.0,ok,0,0.45,,3,6,40,1,15,54,74,54.4,0.0,45.6,182,22.5,65.0,101,37,0,16,False,0
prototype-pollution,algoliasearch-helper_3.6.0,ok,0,0.63,,2,23,312,1,160,239,260,74.4,0.38,25.22,793,50.64,5.45,275,73,0,63,False,0
prototype-pollution,arr-flatten-unflatten_1.1.4,ok,0,0.41,,2,5,4,1,2,3,3,15.0,0.0,85.0,20,25.0,50.0,60,36,0,3,False,0
prototype-pollution,asciitable.js_1.0.2,ok,0,0.42,,2,2,9,1,6,10,16,46.67,0.0,53.33,45,0.0,100.0,64,38,0,10,False,0
prototype-pollution,assign-deep_1.0.0,ok,0,0.41,,3,3,6,1,2,7,9,52.17,0.0,47.83,23,0.0,100.0,54,35,0,2,False,0
prototype-pollution,aurelia-path_1.1.0,skip,skip,0,no .test.js file found (malformed case dir),,,,,,,,,,,,,,,,,,,
prototype-pollution,aurelia-path_1.1.7,ok,0,0.43,,2,2,12,1,6,12,16,50.7,4.23,45.07,71,25.0,50.0,73,35,0,7,False,0
prototype-pollution,aws-sdk-shared-ini-file-loader_1.0.0-rc.8,ok,0,0.41,,2,2,11,1,11,11,15,54.05,0.0,45.95,37,0.0,100.0,60,37,0,4,False,0
prototype-pollution,bmoor_0.8.11,ok,0,0.55,,3,21,146,1,39,128,144,59.17,3.55,37.28,338,42.47,6.85,192,50,0,51,False,0
prototype-pollution,bodymen_1.0.0,ok,0,2.62,,4,7,776,1,561,10335,15360,63.52,19.54,16.94,2042,26.29,59.15,2233,316,0,176,False,0
prototype-pollution,brikcss-merge_1.3.0,ok,0,0.43,,2,2,13,1,2,24,30,63.46,0.0,36.54,52,0.0,53.85,62,38,0,10,False,0
prototype-pollution,cached-path-relative_1.0.1,ok,0,0.39,,2,2,2,1,1,2,2,36.36,0.0,63.64,11,0.0,100.0,41,32,0,6,False,0
prototype-pollution,changeset_0.1.0,ok,0,0.55,,4,4,182,1,48,205,278,62.79,5.23,31.98,344,40.11,43.41,183,56,0,44,False,0
prototype-pollution,class-transformer_0.1.1,ok,0,0.48,,2,10,99,1,31,97,98,67.66,0.0,32.34,167,27.27,56.57,127,52,0,7,False,0
prototype-pollution,component-flatten_1.0.1,ok,0,0.51,,3,3,85,1,31,133,177,55.07,12.33,32.6,227,22.35,23.53,145,59,0,4,False,0
prototype-pollution,confinit_0.3.0,ok,0,0.59,,7,11,144,1,57,169,231,46.01,0.0,53.99,589,19.44,10.42,228,71,0,97,False,1
prototype-pollution,confucious_0.0.12,ok,0,0.67,,19,25,303,1,83,370,461,58.56,0.1,41.34,970,16.17,6.6,303,72,0,142,False,0
prototype-pollution,connie_0.1.0,ok,0,1.62,,53,106,961,1,307,5220,7931,58.76,12.52,28.72,2493,18.42,62.85,1234,229,0,122,False,0
prototype-pollution,controlled-merge_1.0.0,ok,0,0.40,,2,2,4,1,2,4,4,50.0,0.0,50.0,18,25.0,50.0,47,33,0,0,False,0
prototype-pollution,convict_6.0.0,ok,0,0.65,,6,7,249,1,101,331,424,50.84,1.35,47.81,891,13.65,75.9,285,69,0,141,False,0
prototype-pollution,cookiex-deep_0.0.6,ok,0,0.44,,2,10,36,1,9,30,34,35.14,1.8,63.06,111,22.22,22.22,96,42,0,9,False,0
prototype-pollution,copy-props_2.0.4,ok,0,0.46,,10,11,32,1,10,44,51,58.82,2.35,38.82,85,0.0,100.0,97,44,0,17,False,0
prototype-pollution,deap_1.0.0,ok,0,0.42,,2,4,24,1,4,26,29,68.12,0.0,31.88,69,33.33,8.33,66,39,0,3,False,0
prototype-pollution,decal_2.0.0,ok,0,0.93,,2,35,231,1,76,2140,3227,45.49,19.62,34.88,688,16.88,63.64,573,117,0,157,False,0
prototype-pollution,decal_2.1.3,ok,0,0.91,,2,35,232,1,77,2141,3228,45.31,19.48,35.21,693,16.81,63.36,549,115,0,157,False,0
prototype-pollution,deep-defaults_1.0.5,ok,0,2.25,,3,3,695,1,534,7861,11725,65.54,20.24,14.22,1828,25.76,63.31,1853,384,0,169,False,0
prototype-pollution,deep-extend_0.5.0,ok,0,0.40,,2,2,8,1,5,12,13,46.88,0.0,53.13,32,12.5,25.0,54,36,0,5,False,0
prototype-pollution,deep-get-set_1.1.0,ok,0,0.39,,2,2,4,1,1,4,4,50.0,0.0,50.0,16,0.0,100.0,48,33,0,3,False,0
prototype-pollution,deephas_1.0.5,ok,0,0.40,,2,2,8,1,3,3,4,80.0,0.0,20.0,25,62.5,37.5,50,35,0,0,False,0
prototype-pollution,deeply_3.0.0,ok,0,0.44,,4,18,25,1,14,20,21,35.16,1.1,63.74,91,36.0,36.0,92,40,0,2,False,0
prototype-pollution,deepmergefn_1.1.0,ok,0,0.38,,2,2,2,1,1,3,3,30.0,0.0,70.0,10,0.0,100.0,40,32,0,2,False,0
prototype-pollution,deep-override_1.0.0,ok,0,0.40,,2,2,7,1,3,9,13,53.13,0.0,46.88,32,28.57,28.57,53,35,0,10,False,0
prototype-pollution,deepref_1.1.1,ok,0,0.41,,2,2,17,1,3,21,23,67.57,0.0,32.43,37,5.88,41.18,56,37,0,3,False,0
prototype-pollution,deeps_1.4.5,ok,0,0.43,,2,2,17,1,10,30,43,70.42,0.0,29.58,71,17.65,17.65,78,38,0,14,False,0
prototype-pollution,deep-set_1.0.0,ok,0,0.41,,2,2,9,1,3,10,12,54.55,4.55,40.91,22,22.22,66.67,55,35,0,8,False,0
prototype-pollution,defaults-deep_0.2.0,ok,0,0.41,,5,5,8,1,2,9,10,55.0,0.0,45.0,20,0.0,100.0,55,35,0,3,False,0
prototype-pollution,defaults-deep_0.2.4,ok,0,0.40,,3,3,9,1,3,7,8,59.26,0.0,40.74,27,33.33,66.67,55,35,0,5,False,0
prototype-pollution,doc-path_2.0.0,ok,0,0.40,,2,2,8,1,3,14,14,62.96,0.0,37.04,27,0.0,62.5,50,34,0,4,False,0
prototype-pollution,dot-notes_3.2.0,ok,0,0.44,,2,11,11,1,11,10,15,40.63,0.0,59.38,64,36.36,45.45,83,37,0,3,False,0
prototype-pollution,dot-object_2.1.2,ok,0,0.44,,2,2,35,1,13,30,47,64.54,0.0,35.46,141,48.57,17.14,89,44,0,4,False,0
prototype-pollution,dot-prop_2.0.0,ok,0,0.39,,2,2,6,1,1,5,5,64.29,0.0,35.71,14,50.0,50.0,44,33,0,3,False,0
prototype-pollution,dotty_0.0.1,ok,0,0.40,,2,2,7,1,4,8,8,70.59,0.0,29.41,34,0.0,28.57,54,36,0,5,False,0
prototype-pollution,dset_1.0.0,ok,0,0.39,,2,2,2,1,1,2,2,37.5,0.0,62.5,8,0.0,100.0,41,32,0,2,False,0
prototype-pollution,eivifj-dot_1.0.2,ok,0,0.39,,2,2,4,1,2,2,2,53.33,0.0,46.67,15,50.0,50.0,48,34,0,3,False,0
prototype-pollution,eivindfjeldstad-dot_0.0.1,ok,0,0.39,,2,2,3,1,1,2,2,54.55,0.0,45.45,11,33.33,66.67,44,32,0,3,False,0
prototype-pollution,expand-hash_1.0.1,ok,0,0.40,,2,2,5,1,1,6,6,36.84,0.0,63.16,19,0.0,100.0,49,33,0,4,False,0
prototype-pollution,extend_3.0.1,ok,0,0.40,,2,2,4,1,3,5,7,63.16,0.0,36.84,19,0.0,100.0,54,36,0,4,False,0
prototype-pollution,extend-merge_1.0.5,ok,0,0.40,,2,5,5,1,3,6,8,38.1,0.0,61.9,21,20.0,80.0,58,36,0,4,False,0
prototype-pollution,fabiocaccamo-utils.js_0.17.0,ok,0,0.64,,2,2,317,1,94,302,363,51.99,0.0,48.01,727,58.99,1.58,283,82,0,22,False,0
prototype-pollution,fast-json-patch_2.0.4,ok,0,0.64,,30,64,121,1,77,166,257,44.36,4.59,51.05,523,30.58,57.02,279,74,0,49,False,0
prototype-pollution,field_1.0.1,ok,0,0.40,,2,2,6,1,3,8,9,31.03,0.0,68.97,29,16.67,66.67,51,34,0,12,False,0
prototype-pollution,firebase-util_0.3.2,ok,0,0.55,,3,3,167,1,75,100,140,59.59,0.88,39.53,339,53.89,7.19,194,61,0,29,False,0
prototype-pollution,firebase-util_0.3.3-canary.c47ba31d0,ok,0,0.56,,3,3,169,1,76,101,141,59.41,0.88,39.71,340,53.85,7.1,196,63,0,28,False,0
prototype-pollution,flat_5.0.0,ok,0,0.42,,3,3,13,1,4,16,20,65.22,0.0,34.78,46,0.0,100.0,65,39,0,12,False,0
prototype-pollution,flattenizer_0.0.5,ok,0,0.41,,2,3,17,1,2,14,17,51.72,6.9,41.38,29,23.53,47.06,62,38,0,8,False,0
prototype-pollution,flat-wrap_1.0.2,ok,0,0.42,,2,2,10,1,6,13,16,51.85,0.0,48.15,54,10.0,70.0,76,35,0,21,False,0
prototype-pollution,fluentui-styles_0.47.15,ok,0,0.86,,4,189,263,1,153,498,559,42.52,7.72,49.76,1023,11.03,69.2,502,91,0,96,False,0
prototype-pollution,gammautils_0.0.81,ok,0,0.61,,2,24,233,1,77,116,141,53.78,0.52,45.7,582,67.38,7.73,245,64,0,33,False,0
prototype-pollution,gedi_1.6.3,ok,0,0.75,,9,15,313,1,130,695,840,45.61,6.88,47.51,945,37.06,52.72,402,90,0,85,False,0
prototype-pollution,getobject_0.1.0,ok,0,0.40,,2,2,6,1,2,7,7,75.0,0.0,25.0,20,33.33,66.67,47,34,0,2,False,0
prototype-pollution,getsetdeep_4.15.0,ok,0,0.43,,3,3,31,1,10,25,27,58.93,0.0,41.07,56,61.29,25.81,75,35,0,3,False,0
prototype-pollution,grunt-util-property_0.0.2,ok,0,2.98,,23,109,1424,1,899,15073,21391,57.05,14.64,28.31,3737,29.85,34.41,2596,384,0,374,False,1
prototype-pollution,hoek_5.0.0,ok,0,0.48,,2,3,60,1,27,55,72,47.12,0.96,51.92,208,45.0,13.33,129,53,0,20,False,0
prototype-pollution,i18next_19.7.0,ok,0,0.38,,1,1,2,2,0,3,3,37.5,0.0,62.5,8,0.0,100.0,38,32,0,3,False,0
prototype-pollution,ianwalter-merge_9.0.1,ok,0,0.39,,2,2,3,1,2,4,5,23.81,0.0,76.19,21,0.0,100.0,49,34,0,7,False,0
prototype-pollution,immer_8.0.0,ok,0,0.73,,2,4,317,1,72,579,656,64.37,3.5,32.13,915,35.65,41.32,331,74,0,103,False,0
prototype-pollution,ini_1.3.5,ok,0,0.43,,2,2,15,1,5,17,21,47.22,0.0,52.78,72,13.33,53.33,71,32,0,17,False,0
prototype-pollution,ini-parser_0.0.2,ok,0,0.39,,2,2,5,1,1,5,5,43.75,0.0,56.25,16,40.0,40.0,46,33,0,2,False,0
prototype-pollution,iniparserjs_1.0.4,ok,0,0.42,,2,3,10,1,7,3,3,25.45,0.0,74.55,55,70.0,30.0,67,40,0,3,False,0
prototype-pollution,inireader_1.0.0,ok,0,0.44,,2,4,39,1,22,35,37,29.51,1.64,68.85,122,28.21,38.46,92,44,0,12,False,0
prototype-pollution,ion-parser_0.5.2,ok,0,0.46,,2,2,26,1,15,45,63,46.05,0.0,53.95,152,7.69,88.46,104,38,0,13,False,0
prototype-pollution,jointjs_2.2.1,ok,134,94.78,non-zero exit (see log),,,,,,,,,,,,,,,,,,True,0
prototype-pollution,jointjs_3.4.0,ok,134,79.75,non-zero exit (see log),,,,,,,,,,,,,,,,,,True,0
prototype-pollution,jquery_1.11.0,ok,0,1.10,,2,2,602,1,277,883,1227,38.25,4.95,56.79,1877,43.85,28.41,721,143,1,163,False,1
prototype-pollution,js-data_3.0.9,ok,0,0.89,,2,2,586,1,484,741,898,74.09,2.15,23.75,1625,55.8,13.65,529,104,0,67,False,0
prototype-pollution,js-extend_0.0.1,ok,0,0.39,,2,2,4,1,1,4,4,50.0,0.0,50.0,12,25.0,75.0,43,32,0,2,False,0
prototype-pollution,js-ini_1.2.0,ok,0,0.43,,2,5,7,1,6,5,7,32.76,0.0,67.24,58,28.57,28.57,76,32,0,8,False,0
prototype-pollution,json8-merge-patch_1.0.1,ok,0,0.43,,3,7,9,1,5,12,17,39.53,0.0,60.47,43,0.0,22.22,75,33,0,5,False,0
prototype-pollution,json-pointer_0.6.0,ok,0,0.42,,3,3,17,1,6,20,21,42.37,0.0,57.63,59,17.65,23.53,72,40,0,4,False,0
prototype-pollution,json-pointer_0.6.1,ok,0,0.42,,3,3,17,1,6,20,21,41.67,0.0,58.33,60,17.65,23.53,72,32,0,4,False,0
prototype-pollution,jsonpointer_4.0.0,ok,0,0.41,,2,2,10,1,3,11,11,46.15,0.0,53.85,26,30.0,60.0,57,36,0,5,False,0
prototype-pollution,json-ptr_1.1.0,ok,0,0.45,,2,2,47,1,15,65,99,47.14,7.14,45.71,140,34.04,27.66,98,37,0,15,False,0
prototype-pollution,json-schema_0.3.0,ok,0,0.43,,2,2,14,1,11,21,41,55.22,4.48,40.3,67,14.29,78.57,81,39,0,1,False,0
prototype-pollution,just-extend_3.0.0,ok,0,0.39,,2,2,3,1,2,4,4,44.44,0.0,55.56,18,0.0,100.0,48,33,0,0,False,0
prototype-pollution,just-safe-set_1.0.0,ok,0,0.38,,2,2,2,1,1,2,2,50.0,0.0,50.0,10,0.0,100.0,41,32,0,3,False,0
prototype-pollution,keyd_1.3.4,ok,0,0.43,,2,2,25,1,5,33,36,57.81,0.0,42.19,64,36.0,24.0,73,33,0,7,False,0
prototype-pollution,keyget_2.2.0,ok,0,0.42,,2,2,19,1,7,32,33,60.34,0.0,39.66,58,26.32,26.32,70,32,0,7,False,0
prototype-pollution,libnested_1.5.0,ok,0,0.41,,2,2,13,1,3,15,19,47.06,5.88,47.06,34,30.77,30.77,58,37,0,4,False,0
prototype-pollution,linux-cmdline_1.0.0,ok,0,0.39,,2,2,3,1,2,2,2,70.59,0.0,29.41,17,33.33,66.67,41,32,0,3,False,0
prototype-pollution,locutus_2.0.11,ok,0,1.55,,2,364,770,1,666,694,1000,45.5,2.29,52.2,3270,47.4,0.39,1182,185,0,203,False,0
prototype-pollution,lodash_4.17.10,ok,0,2.17,,2,2,688,1,528,7424,10992,65.61,20.37,14.02,1797,26.31,62.65,1774,346,0,164,False,0
prototype-pollution,lodash_4.17.11,ok,0,2.15,,2,2,688,1,528,7391,10959,65.7,20.32,13.98,1796,26.16,62.94,1764,238,0,164,False,0
prototype-pollution,lodash_4.17.15,ok,0,2.19,,2,2,689,1,528,7395,11065,65.45,20.34,14.21,1809,26.12,62.84,1802,230,0,165,False,0
prototype-pollution,lodash_4.17.9,ok,0,2.15,,2,2,688,1,528,7424,10992,65.61,20.37,14.02,1797,26.31,62.65,1771,230,0,164,False,0
prototype-pollution,lutils_2.4.0,ok,0,0.44,,2,6,43,1,10,42,44,57.32,4.88,37.8,82,30.23,44.19,94,42,0,8,False,0
prototype-pollution,lutils-merge_0.2.6,ok,0,0.42,,3,3,16,1,5,19,21,64.29,2.38,33.33,42,18.75,81.25,66,39,0,2,False,0
prototype-pollution,lyngs-digger_1.0.7,ok,0,0.70,,2,2,191,1,74,712,931,60.71,15.14,24.15,621,10.99,85.86,319,84,0,118,False,0
prototype-pollution,lyngs-merge_1.0.9,ok,0,3.13,,2,2,271,1,92,1565,2064,62.6,13.14,24.26,746,10.33,87.45,2707,689,0,149,False,0
prototype-pollution,madlib-object-utils_0.1.6,ok,0,0.41,,2,2,8,1,4,6,7,73.91,0.0,26.09,23,25.0,75.0,53,35,0,3,False,0
prototype-pollution,mathjs_7.4.0,ok,0,4.54,,10,909,3976,1,2394,23827,26256,50.53,3.46,46.01,16624,55.63,23.01,4124,606,0,346,False,0
prototype-pollution,merge_2.1.0,ok,0,0.41,,2,2,8,1,3,12,16,59.26,0.0,40.74,27,12.5,75.0,60,37,0,8,False,0
prototype-pollution,merge-change_1.0.1,ok,0,0.44,,2,4,32,1,17,16,21,26.09,0.0,73.91,92,68.75,12.5,91,43,0,11,False,0
prototype-pollution,merge-deep2_3.0.5,ok,0,0.45,,15,16,31,1,14,35,40,51.11,0.0,48.89,90,12.9,74.19,102,46,0,10,False,0
prototype-pollution,merge-deep_3.0.0,ok,0,0.46,,17,20,40,1,16,33,37,59.83,0.0,40.17,117,40.0,17.5,110,36,0,13,False,0
prototype-pollution,merge-objects_1.0.3,ok,0,0.39,,2,2,2,1,1,3,3,21.43,0.0,78.57,14,0.0,100.0,44,32,0,5,False,0
prototype-pollution,merge-options_1.0.0,ok,0,0.42,,3,3,15,1,4,27,29,58.93,0.0,41.07,56,0.0,100.0,65,38,0,8,False,0
prototype-pollution,merge-recursive_0.0.3,ok,0,0.40,,2,2,16,1,2,12,14,72.73,0.0,27.27,33,56.25,18.75,53,35,0,3,False,0
prototype-pollution,mergify_1.0.2,ok,0,0.40,,2,2,9,1,2,12,13,41.94,0.0,58.06,31,0.0,100.0,49,35,0,7,False,0
prototype-pollution,minimist_1.0.0,ok,0,0.43,,2,2,19,1,6,23,34,49.46,0.0,50.54,93,5.26,94.74,72,35,0,34,False,0
prototype-pollution,mithril_1.0.0,ok,0,0.63,,2,9,246,1,67,301,361,55.52,2.45,42.02,652,39.02,11.38,271,72,0,53,False,0
prototype-pollution,mixin-deep_1.3.0,ok,0,0.41,,6,6,9,1,3,11,13,50.0,0.0,50.0,28,0.0,100.0,59,37,0,2,False,0
prototype-pollution,mixin-deep_2.0.0,ok,0,0.40,,2,2,4,1,1,6,7,50.0,0.0,50.0,14,0.0,100.0,43,32,0,1,False,0
prototype-pollution,mootools_1.5.2,ok,0,0.50,,2,2,140,1,25,51,63,58.36,0.68,40.96,293,77.86,7.14,143,59,0,15,False,0
prototype-pollution,mout_1.0.0,ok,0,0.87,,2,264,353,1,142,1026,1114,38.02,2.53,59.45,1381,38.53,28.33,511,76,0,52,False,0
prototype-pollution,mpath_0.4.1,ok,0,0.42,,2,3,7,1,7,8,16,50.0,0.0,50.0,54,28.57,42.86,71,34,0,5,False,0
prototype-pollution,mquery_3.2.1,ok,0,1.48,,8,52,747,1,286,5739,9828,51.46,21.7,26.84,2023,21.95,66.0,1107,217,0,129,False,1
prototype-pollution,multi-ini_2.1.0,ok,0,2.43,,3,8,756,1,558,8330,12541,62.71,19.02,18.27,1987,27.91,62.04,2046,241,0,180,False,0
prototype-pollution,nconf-toml_0.0.1,ok,0,0.68,,4,6,174,1,123,338,554,65.81,0.0,34.19,854,4.6,77.01,313,72,0,112,False,0
prototype-pollution,nedb_1.8.0,ok,0,0.84,,6,17,609,1,178,1244,1695,45.62,15.4,38.98,1370,30.87,58.29,478,91,0,113,False,0
prototype-pollution,nested-object-assign_1.0.3,ok,0,0.38,,2,2,1,1,1,1,1,10.0,0.0,90.0,10,0.0,100.0,36,31,0,1,False,0
prototype-pollution,nested-property_0.0.5,ok,0,0.40,,2,2,10,1,5,2,2,66.67,0.0,33.33,18,80.0,20.0,53,36,0,1,False,0
prototype-pollution,nestie_1.0.0,ok,0,0.40,,2,2,3,1,1,3,4,54.55,0.0,45.45,11,0.0,100.0,48,33,0,3,False,0
prototype-pollution,nis-utils_0.6.10,ok,0,1.86,,47,243,1563,1,926,1639,1958,49.8,2.36,47.83,5381,43.7,11.0,1481,225,0,286,False,1
prototype-pollution,node-dig_1.0.1,ok,0,0.38,,2,2,1,1,1,1,1,10.0,0.0,90.0,10,0.0,100.0,35,31,0,1,False,0
prototype-pollution,nodee-utils_1.2.2,ok,0,1.38,,43,134,1016,1,501,1035,1395,46.37,2.97,50.66,3470,39.47,9.45,1015,173,0,217,False,1
prototype-pollution,node-extend_1.0.0,ok,0,0.40,,2,3,3,1,3,4,5,42.86,0.0,57.14,21,0.0,100.0,56,36,0,4,False,0
prototype-pollution,node-forge_0.9.0,ok,0,1.75,,2,45,845,1,854,2200,3470,72.98,2.37,24.66,4818,28.4,25.92,1371,234,0,254,False,0
prototype-pollution,node-ini_1.0.0,ok,0,0.42,,2,2,13,1,6,13,15,51.61,0.0,48.39,31,7.69,92.31,71,33,0,37,False,0
prototype-pollution,node-oojs_1.4.0,ok,0,0.49,,2,2,70,1,32,30,32,29.59,0.0,70.41,196,61.43,15.71,135,58,0,33,False,0
prototype-pollution,object-collider_1.0.3,ok,0,0.42,,2,6,13,1,5,16,18,37.04,0.0,62.96,54,7.69,30.77,73,40,0,3,False,0
prototype-pollution,objection_2.0.0,ok,0,0.52,,2,3,137,1,72,179,204,63.58,6.39,30.03,313,23.36,17.52,165,48,0,17,False,0
prototype-pollution,object-path_0.11.0,ok,0,0.38,,1,1,1,1,0,1,1,14.29,0.0,85.71,7,0.0,100.0,31,30,1,0,False,1
prototype-pollution,object-path_0.11.4,ok,0,0.43,,2,2,25,1,8,43,52,75.0,0.0,25.0,76,24.0,40.0,77,37,0,7,False,0
prototype-pollution,object-path-set_1.0.0,ok,0,0.39,,2,2,2,1,1,3,3,45.45,0.0,54.55,11,0.0,100.0,42,32,0,2,False,0
prototype-pollution,objnest_5.0.0,ok,0,0.45,,4,10,17,1,10,21,26,50.63,0.0,49.37,79,0.0,88.24,100,41,0,17,False,0
prototype-pollution,objtools_3.0.0,ok,0,2.63,,4,7,783,1,584,9217,13715,66.21,18.01,15.78,2110,25.93,58.75,2212,311,0,286,False,0
prototype-pollution,objutil_2.17.3,ok,0,0.43,,2,2,40,1,8,53,62,65.59,1.08,33.33,93,35.0,47.5,83,40,0,27,False,0
prototype-pollution,patchmerge_1.0.0,ok,0,0.40,,2,2,6,1,4,12,15,45.45,0.0,54.55,33,0.0,100.0,54,36,0,0,False,0
prototype-pollution,patchmerge_1.0.1,ok,0,0.40,,2,2,6,1,4,12,15,45.45,0.0,54.55,33,0.0,100.0,54,37,0,0,False,0
prototype-pollution,pathval_1.1.0,ok,0,0.41,,2,2,9,1,8,8,9,61.9,0.0,38.1,21,22.22,44.44,56,37,0,6,False,0
prototype-pollution,paypal-adaptive_0.4.1,ok,0,0.44,,2,2,22,1,8,18,18,57.75,0.0,42.25,71,45.45,22.73,72,33,0,4,False,0
prototype-pollution,phpjs_1.3.2,ok,0,1.19,,2,3,624,1,412,277,477,56.65,0.57,42.78,2445,69.39,0.48,820,146,0,78,False,0
prototype-pollution,plain-object-merge_1.0.1,ok,0,0.40,,4,4,5,1,2,8,8,38.1,0.0,61.9,21,0.0,100.0,56,35,0,2,False,0
prototype-pollution,predefine_0.1.2,ok,0,0.43,,3,3,27,1,12,20,29,54.55,6.06,39.39,66,44.44,18.52,77,35,0,15,False,0
prototype-pollution,promisehelpers_0.0.5,ok,0,0.40,,3,3,10,1,3,5,5,57.14,0.0,42.86,14,50.0,50.0,49,34,0,3,False,0
prototype-pollution,properties-reader_2.0.0,ok,0,0.44,,3,5,37,1,15,24,29,50.0,4.24,45.76,118,54.05,18.92,92,42,0,9,False,0
prototype-pollution,property-expr_2.0.2,ok,0,0.41,,2,2,20,1,4,24,26,65.91,2.27,31.82,44,25.0,50.0,61,38,0,7,False,0
prototype-pollution,Proto_1.1.4,ok,0,0.50,,2,2,75,1,21,152,362,79.74,8.5,11.76,153,18.67,72.0,148,46,0,23,False,0
prototype-pollution,prototyped.js_2.0.0,ok,0,0.41,,2,3,14,1,3,8,8,62.5,0.0,37.5,32,50.0,28.57,60,36,0,3,False,0
prototype-pollution,putil-merge_3.0.0,ok,0,0.41,,2,2,6,1,3,6,10,45.45,0.0,54.55,33,33.33,66.67,54,36,0,7,False,0
prototype-pollution,querymen_2.1.3,ok,0,2.67,,4,8,803,1,571,11036,16565,63.03,19.45,17.53,2134,26.65,58.53,2290,358,0,187,False,0
prototype-pollution,rdf-graph-array_0.3.0,ok,0,0.49,,4,5,97,1,34,98,112,60.34,1.27,38.4,237,40.21,7.22,140,58,0,35,False,0
prototype-pollution,record-like-deep-assign_1.0.1,ok,0,0.39,,2,2,2,1,1,3,3,27.27,0.0,72.73,11,0.0,100.0,44,32,0,2,False,0
prototype-pollution,rfc6902_4.0.2,ok,0,0.46,,2,6,59,1,30,96,116,64.86,3.24,31.89,185,13.56,83.05,113,42,0,19,False,0
prototype-pollution,safe-flat_2.0.0,ok,0,0.40,,2,2,10,1,2,11,11,58.33,0.0,41.67,24,30.0,50.0,50,34,0,2,False,0
prototype-pollution,safe-obj_1.0.0,ok,0,0.41,,2,2,16,1,4,23,25,65.85,4.88,29.27,41,18.75,25.0,64,39,0,8,False,0
prototype-pollution,safe-object2_1.0.3,ok,0,0.42,,2,2,18,1,2,18,20,56.76,2.7,40.54,37,27.78,55.56,66,39,0,11,False,0
prototype-pollution,safetydance_2.0.1,ok,0,0.43,,2,2,57,1,8,77,77,61.26,0.9,37.84,111,45.61,3.51,79,37,0,4,False,0
prototype-pollution,sahmat_1.0.0,ok,0,0.39,,2,2,2,1,1,2,2,50.0,0.0,50.0,10,0.0,100.0,41,32,0,2,False,0
prototype-pollution,sds_3.2.0,ok,0,1.49,,7,48,778,1,668,1753,2537,73.59,1.73,24.69,3419,17.99,0.51,1118,209,0,75,False,0
prototype-pollution,set-deep-prop_1.0.0,ok,0,0.39,,2,2,2,1,1,2,2,28.57,0.0,71.43,7,0.0,100.0,41,32,0,1,False,0
prototype-pollution,set-getter_0.1.0,ok,0,0.42,,5,5,11,1,6,13,14,60.53,0.0,39.47,38,9.09,90.91,65,39,0,4,False,0
prototype-pollution,set-in_1.0.0,ok,0,0.93,,69,194,333,1,192,650,819,40.17,4.3,55.53,1745,18.02,46.25,580,96,0,100,False,0
prototype-pollution,set-object-value_0.0.5,ok,0,0.39,,2,2,3,1,1,3,3,27.27,0.0,72.73,11,0.0,100.0,44,33,0,11,False,0
prototype-pollution,set-or-get_1.2.10,ok,0,0.42,,6,6,12,1,5,10,12,51.85,3.7,44.44,27,25.0,75.0,61,38,0,2,False,0
prototype-pollution,set-value_3.0.0,ok,0,0.42,,4,4,9,1,4,9,13,46.88,0.0,53.13,32,0.0,100.0,64,39,0,10,False,0
prototype-pollution,shvl_2.0.1,ok,0,0.39,,2,2,5,1,1,2,2,64.29,0.0,35.71,14,60.0,40.0,41,32,0,0,False,0
prototype-pollution,simpl-schema_1.10.0,ok,0,0.87,,8,40,535,1,246,559,637,49.97,2.81,47.22,1639,25.79,14.77,505,107,0,158,False,0
prototype-pollution,smart-extend_1.7.3,ok,0,0.43,,2,2,32,1,3,30,35,66.67,0.0,33.33,57,65.63,15.63,76,36,0,16,False,0
prototype-pollution,strikeentco-set_1.0.0,ok,0,0.39,,2,2,4,1,1,5,5,46.15,0.0,53.85,13,0.0,100.0,45,33,0,3,False,0
prototype-pollution,style-dictionary_2.10.2,ok,0,4.08,,28,160,1658,1,992,14263,20656,51.92,13.71,34.38,5326,26.66,55.73,3680,555,0,387,False,0
prototype-pollution,supermixer_1.0.3,ok,0,0.51,,3,39,51,1,36,91,107,48.45,4.12,47.42,194,3.92,96.08,148,56,0,15,False,0
prototype-pollution,swiper_6.5.0,ok,0,1.24,,4,92,659,1,342,477,601,29.95,1.79,68.27,2688,65.1,3.64,874,161,0,107,False,0
prototype-pollution,Templ8_0.7.0,ok,0,0.50,,2,2,115,1,27,115,144,47.38,0.28,52.34,363,43.48,26.96,139,58,0,20,False,0
prototype-pollution,think-config_1.0.0,ok,0,0.62,,7,7,214,1,103,272,414,67.92,2.66,29.42,639,20.56,50.93,265,74,0,47,False,0
prototype-pollution,think-helper_1.1.0,ok,0,0.48,,5,9,66,1,22,60,76,50.86,1.71,47.43,175,40.91,10.61,124,46,0,11,False,0
prototype-pollution,tiny-conf_1.1.0,ok,0,0.40,,2,2,10,1,3,7,7,40.74,0.0,59.26,27,50.0,40.0,54,36,0,4,False,0
prototype-pollution,total.js_3.4.6,ok,0,3.68,,2,17,3091,1,1215,6050,8140,53.01,7.93,39.06,11497,47.59,36.95,3280,412,0,926,False,0
prototype-pollution,tree-kit_0.6.1,ok,0,0.54,,2,9,41,1,49,44,57,26.32,0.44,73.25,228,70.73,14.63,185,67,0,75,False,0
prototype-pollution,ts-dot-prop_1.4.0,ok,0,0.43,,3,5,36,1,11,19,19,61.97,1.41,36.62,71,58.33,13.89,82,38,0,4,False,0
prototype-pollution,tsed-core_5.62.3,ok,0,0.83,,7,51,510,1,255,527,687,61.47,1.86,36.66,1451,45.49,7.45,456,87,0,81,False,0
prototype-pollution,typeorm_0.2.24,ok,0,0.39,,1,1,3,2,0,4,7,36.84,0.0,63.16,19,0.0,100.0,43,32,0,5,False,0
prototype-pollution,uifabric-utilities_7.20.2,ok,0,0.99,,8,114,653,1,334,584,691,51.39,2.51,46.1,1835,52.83,12.1,633,113,0,102,False,0
prototype-pollution,undefsafe_2.0.2,ok,0,0.41,,2,2,4,1,3,5,5,52.38,0.0,47.62,21,0.0,100.0,54,36,0,2,False,0
prototype-pollution,upmerge_0.1.7,ok,0,0.41,,2,2,11,1,2,20,23,60.0,0.0,40.0,40,9.09,90.91,59,37,0,8,False,0
prototype-pollution,utilitify_1.0.2,ok,0,0.81,,10,22,545,1,285,779,886,67.5,3.98,28.52,1357,9.36,84.59,441,95,9,85,False,9
prototype-pollution,utils-extend_1.0.8,ok,0,0.41,,2,2,20,1,4,8,10,62.5,0.0,37.5,48,70.0,25.0,60,38,0,7,False,0
prototype-pollution,vega-util_1.13.0,ok,0,0.48,,2,2,108,1,22,105,161,66.67,4.62,28.72,195,49.07,9.26,128,54,0,18,False,0
prototype-pollution,viking04-merge_1.0.0,ok,0,0.39,,2,2,2,1,1,3,3,27.27,0.0,72.73,11,0.0,100.0,41,32,0,2,False,0
prototype-pollution,worksmith_1.0.0,ok,0,2.89,,8,55,1458,1,1312,8937,13002,55.19,13.61,31.2,3827,33.13,35.87,2496,335,0,243,False,0
prototype-pollution,x-assign_0.1.4,ok,0,0.39,,2,2,5,1,2,6,7,38.89,0.0,61.11,18,0.0,100.0,47,33,0,11,False,0
prototype-pollution,y18n_3.2.1,ok,0,0.42,,2,2,17,1,5,12,13,53.7,1.85,44.44,54,29.41,47.06,70,40,0,7,False,0
prototype-pollution,yargs-parser_6.0.0,ok,0,0.48,,3,4,80,1,25,106,164,53.37,0.0,46.63,341,6.25,88.75,133,56,0,61,False,0
redos,ajv_5.2.2,ok,0,0.95,,26,90,238,1,248,365,508,39.71,3.89,56.4,1156,23.53,60.92,594,93,0,101,False,0
redos,amqp-match_0.0.0,ok,0,0.38,,2,2,3,1,1,2,2,63.64,0.0,36.36,11,33.33,33.33,39,31,0,1,False,0
redos,ansi-html_0.0.7,ok,0,0.41,,2,2,11,1,5,7,7,37.5,0.0,62.5,32,45.45,9.09,62,38,0,8,False,0
redos,ansi-regex_4.1.0,ok,0,0.39,,2,2,3,1,1,2,2,33.33,0.0,66.67,12,33.33,33.33,40,31,0,1,False,0
redos,axios_0.21.0,ok,0,0.42,,2,3,29,1,9,15,21,72.09,4.65,23.26,43,55.17,3.45,67,40,0,7,False,0
redos,brace-expansion_1.1.6,ok,0,0.43,,4,4,20,1,7,22,28,44.0,1.0,55.0,100,10.0,5.0,82,38,0,1,False,0
redos,browserslist_4.16.4,ok,0,0.64,,4,17,178,1,97,273,302,50.3,1.38,48.32,507,1.69,6.18,280,73,0,109,False,0
redos,cejs_2.0.20170212,ok,0,0.41,,2,3,5,1,5,3,3,45.83,0.0,54.17,48,40.0,60.0,55,35,0,4,False,0
redos,charset_1.0.0,ok,0,0.39,,2,3,3,1,2,2,2,50.0,0.0,50.0,14,33.33,33.33,47,33,0,1,False,0
redos,checkit_0.7.0,ok,0,0.99,,4,257,341,1,221,786,908,40.13,7.81,52.06,1358,12.9,66.57,629,103,0,102,False,0
redos,chrono-node_2.2.3,ok,0,0.94,,3,95,474,1,190,833,1234,54.19,3.18,42.63,2170,21.1,22.57,582,110,0,115,False,0
redos,clean-css_4.1.10,ok,0,2.12,,3,107,598,1,398,889,1333,47.7,2.07,50.23,2801,12.54,3.18,1746,264,0,296,False,0
redos,codemirror_5.58.0,ok,0,0.39,,1,1,3,1,0,2,2,40.0,0.0,60.0,10,33.33,33.33,36,31,0,2,False,0
redos,colors-cli_1.0.25,ok,0,0.44,,2,7,36,1,12,16,20,51.47,0.0,48.53,68,58.33,25.0,85,39,0,28,False,0
redos,color-string_1.5.4,ok,0,0.45,,5,5,18,1,11,16,24,47.62,0.0,52.38,84,50.0,5.56,95,46,0,5,False,0
redos,content_3.0.5,ok,0,0.51,,4,5,103,1,43,96,124,58.1,0.7,41.2,284,63.11,1.94,161,46,0,21,False,0
redos,content-type-parser_1.0.1,ok,0,0.42,,2,2,14,1,3,6,6,47.37,0.0,52.63,38,57.14,7.14,60,37,0,1,False,0
redos,conventional-commits-parser_3.2.0,ok,0,2.92,,10,27,1007,1,659,10771,16047,61.81,16.83,21.36,2650,25.32,48.96,2531,381,0,228,False,0
redos,d3-color_2.0.0,ok,0,0.46,,2,2,60,1,17,60,99,61.33,0.0,38.67,181,53.33,8.33,113,47,0,3,False,0
redos,date-and-time_0.14.1,ok,0,0.45,,2,2,82,1,18,23,26,68.99,0.0,31.01,129,78.05,8.54,99,36,0,11,False,0
redos,dirty-json_0.4.0,ok,0,0.64,,4,6,257,1,83,468,645,67.89,6.78,25.34,738,35.41,3.5,272,72,0,11,False,0
redos,ducktype_1.2.0,ok,0,0.45,,2,2,45,1,17,204,267,60.23,10.23,29.55,88,11.11,28.89,93,46,0,3,False,0
redos,email-existence_0.1.5,ok,0,0.40,,2,2,12,1,3,15,15,38.3,0.0,61.7,47,8.33,8.33,51,35,0,1,False,0
redos,ethers_5.2.0,ok,0,3.39,,45,174,2877,1,1246,5297,6943,62.41,3.93,33.67,10233,24.68,22.66,2999,401,0,357,False,2
redos,express-validators_1.0.3,ok,0,0.44,,2,2,42,1,20,19,26,25.71,0.0,74.29,105,78.57,2.38,88,44,0,12,False,0
redos,fast-csv_4.3.5,ok,0,0.77,,12,34,451,1,202,602,706,67.42,3.96,28.62,1111,14.19,45.23,410,74,0,41,False,0
redos,forwarded_0.1.0,ok,0,0.39,,2,2,3,1,1,2,2,50.0,0.0,50.0,14,33.33,33.33,44,32,0,2,False,0
redos,fresh_0.5.0,ok,0,0.39,,2,2,4,1,2,2,2,42.86,0.0,57.14,14,50.0,25.0,46,33,0,2,False,0
redos,github-url-to-object_4.0.2,ok,0,0.41,,3,3,4,1,5,3,3,69.23,0.0,30.77,26,25.0,25.0,61,39,0,1,False,0
redos,glob-parent_5.0.0,ok,0,0.41,,4,4,7,1,5,6,6,20.51,2.56,76.92,39,14.29,14.29,70,32,0,4,False,0
redos,highlight.js_10.4.0,ok,0,0.53,,2,3,146,1,72,168,189,66.01,0.85,33.14,353,23.29,10.27,182,52,0,17,False,0
redos,hosted-git-info_3.0.0,ok,0,0.51,,4,7,106,1,29,78,83,53.49,0.0,46.51,215,57.55,11.32,155,62,0,87,False,0
redos,html-dom-parser_0.1.2,ok,0,0.55,,7,12,112,1,42,151,215,66.1,5.14,28.77,292,17.86,10.71,191,60,0,8,False,0
redos,htmlparser_1.7.7,ok,0,0.49,,2,2,44,1,30,54,84,58.24,0.0,41.76,170,15.91,22.73,129,56,0,6,False,0
redos,html-parse-stringify_2.0.0,ok,0,0.42,,3,3,9,1,3,5,6,61.54,0.0,38.46,52,44.44,11.11,71,32,0,4,False,0
redos,html-parse-stringify2_2.0.1,ok,0,0.42,,3,6,11,1,6,7,8,55.56,0.0,44.44,36,45.45,9.09,72,32,0,5,False,0
redos,is-email_1.0.0,ok,0,0.39,,2,2,3,1,1,2,2,40.0,0.0,60.0,10,33.33,33.33,39,31,0,2,False,0
redos,is-my-json-valid_2.20.1,ok,0,0.50,,8,9,80,1,39,95,265,65.53,0.24,34.22,412,31.25,61.25,151,61,0,26,False,0
redos,is-svg_4.2.2,ok,0,0.39,,3,3,7,1,2,6,6,63.64,0.0,36.36,22,14.29,14.29,48,33,0,2,False,0
redos,is-url_1.2.2,ok,0,0.39,,2,2,3,1,1,2,2,44.44,0.0,55.56,9,33.33,33.33,38,31,0,1,False,0
redos,jspdf_2.1.1,ok,134,62.87,non-zero exit (see log),,,,,,,,,,,,,,,,,,True,0
redos,locutus_2.0.10,ok,0,0.40,,2,2,3,1,2,2,2,26.92,0.0,73.08,26,33.33,33.33,51,34,0,2,False,0
redos,lodash_4.17.4,ok,0,2.08,,2,2,690,1,527,7066,10297,66.09,19.97,13.94,1793,26.52,62.32,1708,301,0,163,False,0
redos,markdown_0.3.0,ok,0,0.51,,2,3,66,1,43,57,77,34.02,0.69,65.29,291,34.85,15.15,156,66,0,11,False,0
redos,markdown-it_9.1.0,ok,0,0.78,,5,66,202,1,196,174,212,32.39,0.1,67.51,985,38.12,0.5,430,89,0,30,False,0
redos,markdown-to-jsx_5.4.2,ok,0,0.99,,40,99,540,1,289,568,707,46.82,2.36,50.82,1779,41.3,12.78,628,116,0,67,False,0
redos,marked_0.3.6,ok,0,0.52,,2,2,54,1,28,70,157,49.26,0.0,50.74,337,7.41,14.81,163,50,0,5,False,0
redos,method-override_2.0.0,ok,0,0.41,,4,4,16,1,5,15,16,53.19,2.13,44.68,47,6.25,12.5,62,38,0,2,False,0
redos,millisecond_0.1.1,ok,0,0.40,,2,2,3,1,2,2,2,35.71,0.0,64.29,14,33.33,33.33,45,33,0,2,False,0
redos,mime_1.4.0,ok,0,0.41,,2,2,9,1,3,6,6,48.39,0.0,51.61,31,44.44,44.44,55,35,0,6,False,0
redos,minimatch_3.0.0,ok,0,0.50,,5,5,54,1,38,54,86,55.7,0.42,43.88,237,25.93,3.7,147,63,0,4,False,0
redos,mobile-detect_1.3.6,ok,0,0.45,,2,2,38,1,67,36,45,31.51,2.05,66.44,146,31.58,23.68,94,46,0,9,False,0
redos,moment_2.18.1,ok,0,0.75,,2,2,326,1,126,536,892,67.31,0.52,32.16,1340,36.81,12.27,374,87,0,80,False,0
redos,ms_0.7.0,ok,0,0.40,,2,2,7,1,3,6,9,48.0,0.0,52.0,25,14.29,14.29,50,35,0,2,False,0
redos,natural_5.1.0,ok,0,0.40,,2,2,7,1,3,6,8,60.87,0.0,39.13,23,14.29,14.29,48,33,0,1,False,0
redos,no-case_2.3.1,ok,0,0.40,,3,6,6,1,28,3,3,47.62,0.0,52.38,21,50.0,16.67,54,35,0,3,False,0
redos,normalize-url_6.0.0,ok,0,0.42,,2,2,8,1,6,5,6,66.67,0.0,33.33,60,37.5,12.5,65,40,0,2,False,0
redos,npm-user-validate_1.0.0,ok,0,0.42,,2,2,5,1,2,2,2,36.36,0.0,63.64,22,60.0,20.0,48,34,0,2,False,0
redos,nth-check_2.0.0,ok,0,0.42,,3,5,14,1,5,5,5,39.29,0.0,60.71,28,71.43,7.14,62,37,0,1,False,0
redos,papaparse_5.1.1,ok,0,0.56,,2,2,104,1,51,175,234,52.08,1.71,46.21,409,11.54,3.85,205,66,0,16,False,0
redos,parsejson_0.0.3,ok,0,0.39,,2,2,3,1,1,2,2,55.56,0.0,44.44,18,33.33,33.33,44,32,0,3,False,0
redos,path-parse_1.0.6,ok,0,0.40,,2,2,7,1,3,6,6,40.91,4.55,54.55,22,14.29,14.29,54,35,0,1,False,0
redos,platform_1.3.4,ok,0,0.50,,2,2,32,1,40,45,54,29.2,0.73,70.07,274,12.5,87.5,153,50,0,13,False,0
redos,postcss_8.0.0,ok,0,0.86,,8,42,413,1,191,641,847,56.42,6.83,36.75,1317,26.63,42.86,483,103,0,74,False,0
redos,printf_0.6.0,ok,0,0.45,,2,2,15,1,14,13,14,33.33,0.0,66.67,96,20.0,6.67,95,46,0,4,False,0
redos,prompts_2.4.0,ok,0,0.38,,2,2,3,1,1,2,2,45.45,0.0,54.55,11,33.33,33.33,39,31,0,1,False,0
redos,prototype_0.0.5,ok,0,0.47,,2,8,94,1,19,31,33,65.16,0.0,34.84,244,78.72,8.51,115,43,0,7,False,0
redos,ramda_0.27.1,ok,0,8.79,,2,332,520,1,343,20905,29640,37.24,13.35,49.41,2202,2.12,97.31,8346,1077,0,1614,False,0
redos,react-native_0.63.0-rc.0,ok,0,0.38,,1,1,3,1,0,2,2,37.5,0.0,62.5,8,33.33,33.33,34,30,0,2,False,0
redos,remarkable_1.7.2,ok,0,0.87,,3,62,334,1,303,488,614,28.42,2.41,69.17,1119,49.4,7.19,492,110,0,18,False,0
redos,remove-markdown_0.3.0,ok,0,0.40,,2,2,3,1,3,2,2,88.24,0.0,11.76,34,33.33,33.33,47,34,0,1,False,0
redos,revalidator_0.3.1,ok,0,0.44,,2,2,33,1,18,39,63,61.96,1.09,36.96,92,9.09,6.06,88,43,0,22,False,0
redos,rgb2hex_0.1.0,ok,0,0.40,,2,2,3,1,2,2,2,40.0,0.0,60.0,25,33.33,33.33,48,34,0,2,False,0
redos,sanitize_2.0.0,ok,0,1.37,,4,6,556,1,437,5454,7743,55.95,17.79,26.25,1478,33.45,52.34,999,201,0,184,False,0
redos,semver-regex_3.1.1,ok,0,0.39,,2,2,3,1,1,2,2,33.33,0.0,66.67,9,33.33,33.33,39,31,0,2,False,0
redos,simple-markdown_0.7.2,ok,0,0.50,,2,2,131,1,69,107,145,58.39,0.0,41.61,274,62.6,9.16,148,64,0,11,False,0
redos,slug_0.9.1,ok,0,2.09,,3,3,8,1,2157,8,8,40.0,0.0,60.0,35,12.5,62.5,1708,428,0,8,False,0
redos,squalcal,n/a(no-package.json),0,0.38,,1,1,2,8,0,1,1,33.33,0.0,66.67,6,50.0,50.0,33,30,0,1,False,0
redos,sshpk_1.13.1,ok,0,1.23,,9,38,574,1,312,1174,1956,61.57,0.93,37.5,3536,25.78,5.57,866,154,0,268,False,0
redos,ssri_8.0.0,ok,0,0.51,,3,3,137,1,30,150,200,52.58,5.41,42.01,388,43.8,1.46,152,63,0,121,False,0
redos,string_3.3.3,ok,0,0.51,,2,5,93,1,38,50,55,22.87,0.0,77.13,293,61.29,6.45,162,57,0,15,False,0
redos,terminal-kit_2.1.0,ok,0,1.34,,8,56,926,1,502,1482,1794,54.75,2.71,42.54,2955,46.87,19.65,974,168,0,230,False,0
redos,three_0.122.0,ok,0,46.34,,2,2,2401,1,1203,16827,20937,58.93,13.36,27.72,8475,35.9,38.9,45363,7396,0,428,False,0
redos,timespan_2.3.0,ok,0,0.44,,2,2,55,1,23,37,46,55.74,0.0,44.26,122,78.18,1.82,87,44,0,5,False,0
redos,tmpl_1.0.0,ok,0,0.39,,2,2,4,1,1,2,2,70.59,0.0,29.41,17,50.0,25.0,42,32,0,2,False,0
redos,tough-cookie_2.3.2,ok,0,0.63,,2,7,89,1,196,58,64,41.72,0.99,57.28,302,58.43,6.74,269,75,0,18,False,0
redos,trim_0.0.1,ok,0,0.39,,2,2,5,1,1,2,2,63.64,0.0,36.36,11,60.0,20.0,39,32,0,1,False,0
redos,trim-off-newlines_1.0.0,ok,0,0.39,,2,2,3,1,1,2,2,55.56,0.0,44.44,9,33.33,33.33,37,31,0,1,False,0
redos,truncate_2.0.0,ok,0,0.40,,2,2,5,1,3,4,5,57.14,0.0,42.86,14,20.0,40.0,51,34,0,2,False,0
redos,ua-parser-js_0.7.22,ok,0,0.50,,2,2,22,1,41,28,39,63.04,8.7,28.26,46,13.64,81.82,145,63,0,10,False,0
redos,underscore.string_3.3.4,ok,0,0.59,,4,73,89,1,36,89,101,46.2,0.22,53.58,461,60.67,10.11,222,64,0,12,False,0
redos,uri-js_2.1.1,ok,0,0.52,,2,7,54,1,55,64,207,60.04,0.22,39.74,453,25.93,18.52,167,47,0,10,False,0
redos,urlregex_0.5.0,ok,0,0.39,,2,2,3,1,2,2,2,27.27,0.0,72.73,11,33.33,33.33,43,32,0,2,False,0
redos,url-regex_5.0.0,ok,0,0.40,,3,3,8,1,3,7,12,48.48,0.0,51.52,33,37.5,12.5,55,36,0,3,False,0
redos,validator_13.5.2,ok,0,0.87,,2,100,346,1,187,282,302,47.77,1.33,50.9,1660,62.43,0.87,504,100,0,43,False,0
redos,valid-email_0.0.1,ok,0,0.39,,2,3,3,1,2,2,2,75.0,0.0,25.0,20,33.33,33.33,49,33,0,1,False,0
redos,vant_2.12.11,ok,0,0.38,,2,2,3,1,2,2,2,37.5,0.0,62.5,8,33.33,33.33,39,31,0,1,False,0
redos,ws_7.0.0,ok,0,0.38,,1,1,2,1,0,1,1,55.56,0.0,44.44,9,50.0,50.0,33,30,0,2,False,0
command-injection,aaptjs_1.3.1,skipped(already-installed),0,0.71,,14,24,228,1,113,406,530,41.08,8.92,50.0,886,20.61,66.67,338,76,0,57,False,0
command-injection,adb-driver_0.1.8,skipped(already-installed),0,0.44,,4,6,30,1,8,37,37,52.29,2.75,44.95,109,3.33,60.0,90,40,0,1,False,0
command-injection,alfred-workflow-nodejs_2.0.1,skipped(already-installed),0,0.89,,10,14,689,1,227,1790,2077,68.19,8.01,23.8,1685,30.77,21.19,526,87,0,98,False,0
command-injection,apex-publish-static-files_2.0.0,skipped(already-installed),0,0.40,,2,2,3,1,3,3,3,35.9,0.0,64.1,39,0.0,100.0,52,35,0,0,False,0
command-injection,apiconnect-cli-plugins_6.0.2,skipped(already-installed),134,76.00,non-zero exit (see log),,,,,,,,,,,,,,,,,,True,5
command-injection,arpping_2.0.0,skipped(already-installed),0,0.51,,2,3,42,1,9,27,27,50.36,0.0,49.64,137,40.48,38.1,87,39,0,5,False,0
command-injection,async-git_1.13.1,skipped(already-installed),0,0.44,,4,11,26,1,9,23,27,36.04,0.0,63.96,111,42.31,19.23,94,38,0,14,False,0
command-injection,bestzip_2.1.6,skipped(already-installed),0,2.74,,46,123,1904,1,967,36318,49275,48.84,13.78,37.39,5125,20.01,58.4,2342,344,0,298,False,0
command-injection,blamer_0.1.13,skipped(already-installed),0,1.26,,6,80,1065,1,371,1416,1652,66.05,4.28,29.66,2778,41.03,16.71,889,158,0,144,False,0
command-injection,buns_1.1.6,skipped(already-installed),134,105.02,non-zero exit (see log),,,,,,,,,,,,,,,,,,True,5
command-injection,clamscan_1.2.0,skipped(already-installed),0,0.60,,2,3,107,1,88,144,174,63.92,0.0,36.08,643,8.41,19.63,225,59,0,10,False,0
command-injection,codecov_3.6.4,skipped(already-installed),0,2.12,,26,172,1413,1,738,2390,3151,63.5,2.23,34.27,5594,29.79,33.05,1730,281,0,180,False,2
command-injection,command-exists_1.2.2,skipped(already-installed),0,0.41,,2,3,19,1,3,21,22,57.78,0.0,42.22,45,0.0,36.84,56,37,0,0,False,0
command-injection,compass-compile_0.0.1,skipped(already-installed),0,0.57,,6,7,166,1,74,432,463,69.06,7.73,23.2,362,9.64,80.72,203,65,0,29,False,1
command-injection,connection-tester_0.2.0,skipped(already-installed),0,0.41,,2,2,8,1,3,7,9,32.56,0.0,67.44,43,12.5,87.5,54,36,0,0,False,0
command-injection,corenlp-js-interface_1.0.3,failed,n/a,0,npm install failed,,,,,,,,,,,,,,,,,,False,0
command-injection,corenlp-js-prefab_1.0.1,failed,n/a,0,npm install failed,,,,,,,,,,,,,,,,,,False,0
command-injection,curling_0.2.0,skipped(already-installed),0,0.42,,2,3,23,1,4,24,25,57.14,0.0,42.86,56,26.09,43.48,64,39,0,0,False,0
command-injection,curljs_0.1.2,skipped(already-installed),0,0.42,,2,2,24,1,5,34,34,68.0,4.0,28.0,50,29.17,66.67,60,38,0,0,False,0
command-injection,deferred-exec_0.3.1,skipped(already-installed),0,2.36,,7,76,830,1,584,7784,11585,61.23,15.73,23.04,2391,29.76,56.99,1975,285,0,187,False,0
command-injection,diskstats_0.0.2,skipped(already-installed),0,0.42,,2,3,20,1,3,22,22,52.54,0.0,47.46,59,5.0,95.0,62,38,0,6,False,0
command-injection,diskusage-ng_0.2.6,skipped(already-installed),0,0.42,,2,5,19,1,4,23,31,40.54,1.35,58.11,74,0.0,100.0,74,32,0,0,False,0
command-injection,dns-sync_0.1.0,skipped(already-installed),0,0.56,,4,27,89,1,59,174,272,44.58,0.47,54.95,637,6.74,89.89,202,60,0,5,False,0
command-injection,effect_1.0.4,failed,n/a,0,npm install failed,,,,,,,,,,,,,,,,,,False,0
command-injection,enpeem_2.2.0,skipped(already-installed),0,0.43,,4,6,30,1,8,29,31,31.94,8.33,59.72,72,26.67,50.0,79,35,0,2,False,0
command-injection,eslint-fixer_0.1.5,skipped(already-installed),0,0.41,,3,3,17,1,4,19,19,55.32,0.0,44.68,47,0.0,100.0,60,36,0,0,False,0
command-injection,extra-asciinema_1.0.0,skipped(already-installed),0,0.42,,2,2,21,1,7,16,16,37.66,0.0,62.34,77,33.33,14.29,73,33,0,0,False,0
command-injection,ffmpegdotjs_0.0.4,skipped(already-installed),0,0.42,,2,2,38,1,7,28,28,61.39,0.0,38.61,101,26.32,21.05,71,32,0,0,False,0
command-injection,ffmpeg-sdk_0.0.5,skipped(already-installed),0,0.41,,2,2,15,1,2,13,14,52.27,0.0,47.73,44,33.33,53.33,58,36,0,0,False,0
command-injection,find-process_1.4.4,skipped(already-installed),0,0.46,,2,6,71,1,17,79,79,56.28,1.3,42.42,231,16.9,8.45,107,37,0,4,False,0
command-injection,freespace_1.0.4,skipped(already-installed),0,0.41,,2,2,10,1,3,10,11,48.15,0.0,51.85,54,10.0,90.0,55,36,0,0,False,0
command-injection,geojson2kml_0.1.1,skipped(already-installed),0,0.39,,2,2,5,1,1,5,5,33.33,0.0,66.67,21,0.0,100.0,43,32,0,0,False,0
command-injection,get-npm-package-version_1.0.6,skipped(already-installed),0,0.39,,2,2,3,1,1,3,3,20.83,0.0,79.17,24,0.0,100.0,47,33,0,0,False,0
command-injection,git_0.1.5,skipped(already-installed),0,0.39,,2,2,7,1,2,6,6,36.0,0.0,64.0,25,14.29,71.43,47,34,0,4,False,0
command-injection,git-add-remote_1.0.0,skipped(already-installed),0,0.40,,2,2,6,1,1,5,7,30.0,0.0,70.0,30,16.67,83.33,47,33,0,0,False,0
command-injection,gitblame_0.1.1,skipped(already-installed),0,0.40,,2,2,5,1,1,5,6,29.63,0.0,70.37,27,0.0,100.0,45,32,0,0,False,0
command-injection,git-dummy-commit_1.3.0,skipped(already-installed),0,0.70,,14,21,216,1,109,393,508,42.87,8.98,48.14,835,18.98,67.13,331,72,0,53,False,0
command-injection,giting_0.0.7,skipped(already-installed),0,0.56,,13,21,168,1,44,206,240,39.19,5.68,55.13,546,22.62,34.52,203,60,0,10,False,0
command-injection,git-lib_1.6.0,skipped(already-installed),0,1.46,,8,27,845,1,489,5528,7472,60.16,17.64,22.19,1978,26.27,60.71,1085,215,0,214,False,0
command-injection,git-parse_1.0.4,skipped(already-installed),0,0.80,,40,129,219,1,142,340,458,44.63,2.53,52.84,1145,18.26,26.48,426,74,0,51,False,0
command-injection,git-tags-remote_1.0.2,skipped(already-installed),0,0.52,,3,3,107,1,41,151,209,68.65,9.72,21.63,319,46.73,24.3,169,48,0,2,False,0
command-injection,gity_1.0.5,failed,n/a,0,npm install failed,,,,,,,,,,,,,,,,,,False,0
command-injection,gm_1.20.0,skipped(already-installed),0,0.63,,6,21,314,1,83,133,157,26.68,1.72,71.61,641,69.11,10.83,260,71,0,11,False,0
command-injection,google-cloudstorage-commands_0.0.1,skipped(already-installed),0,0.40,,2,2,13,1,2,11,11,54.29,0.0,45.71,35,15.38,53.85,53,34,0,0,False,0
command-injection,growl_1.9.0,skipped(already-installed),0,0.42,,2,2,7,1,7,7,10,16.49,2.06,81.44,97,0.0,100.0,72,34,0,0,False,0
command-injection,gry_5.0.8,skipped(already-installed),0,0.47,,10,10,50,1,23,44,50,46.77,2.42,50.81,124,32.0,36.0,114,39,0,5,False,0
command-injection,heroku-env_0.2.0,skipped(already-installed),0,0.42,,3,4,10,1,4,10,13,38.3,0.0,61.7,47,0.0,100.0,61,38,0,2,False,0
command-injection,hot-formula-parser_3.0.0,skipped(already-installed),0,1.43,,6,42,1088,1,412,1362,1867,52.19,0.3,47.52,3706,61.03,9.19,1065,184,0,310,False,0
command-injection,imagickal_5.0.1,skipped(already-installed),0,1.32,,5,45,663,1,209,5820,10387,49.3,24.23,26.48,1775,16.59,68.48,948,194,0,92,False,1
command-injection,im-metadata_3.0.1,skipped(already-installed),0,0.42,,3,3,11,1,5,11,13,38.6,0.0,61.4,57,0.0,100.0,74,34,0,1,False,0
command-injection,im-resize_2.3.2,skipped(already-installed),0,0.43,,3,3,12,1,7,13,15,23.94,0.0,76.06,71,0.0,100.0,76,35,0,0,False,0
command-injection,jison_0.4.17,failed,n/a,0,npm install failed,,,,,,,,,,,,,,,,,,False,0
command-injection,kill-by-port_0.0.1,skipped(already-installed),0,0.39,,2,2,3,1,1,3,3,26.32,0.0,73.68,19,0.0,100.0,44,32,0,0,False,0
command-injection,killing_1.0.6,skipped(already-installed),0,0.41,,2,4,18,1,4,19,19,52.83,0.0,47.17,53,0.0,100.0,58,36,0,0,False,0
command-injection,killport_1.0.1,skipped(already-installed),0,0.57,,4,4,283,1,67,658,704,59.54,19.92,20.55,477,19.43,63.96,200,66,0,12,False,1
command-injection,kill-port-process_0.0.1,skipped(already-installed),0,0.64,,19,33,242,1,62,253,284,53.51,3.04,43.45,626,30.99,39.26,276,72,0,50,False,1
command-injection,kill-process-by-name_1.0.5,skipped(already-installed),0,0.39,,2,2,4,1,1,4,4,25.0,0.0,75.0,20,0.0,100.0,42,32,0,0,False,0
command-injection,libnmap_0.4.11,skipped(already-installed),0,5.79,,16,67,2114,1,1075,38480,54420,62.15,13.0,24.86,5540,32.07,50.95,5351,936,0,421,False,0
command-injection,local-devices_2.0.0,skipped(already-installed),0,0.50,,7,12,70,1,27,91,104,42.01,0.74,57.25,269,15.71,64.29,148,54,0,9,False,0
command-injection,lsof_0.1.0,skipped(already-installed),0,0.42,,2,2,21,1,4,19,19,39.34,0.0,60.66,61,9.52,38.1,62,38,0,2,False,0
command-injection,lycwed-spritesheetjs_1.2.5,failed,n/a,0,npm install failed,,,,,,,,,,,,,,,,,,False,0
command-injection,macaddress_0.2.8,skipped(already-installed),0,0.43,,2,5,22,1,5,24,30,47.44,1.28,51.28,78,4.55,63.64,78,32,0,10,False,0
command-injection,macfromip_1.1.1,skipped(already-installed),0,0.42,,2,2,19,1,5,23,36,43.75,7.81,48.44,64,5.26,42.11,62,38,0,0,False,0
command-injection,monorepo-build_0.1.9,skipped(already-installed),134,84.45,non-zero exit (see log),,,,,,,,,,,,,,,,,,True,1
command-injection,node-df_0.1.4,skipped(already-installed),0,0.43,,2,5,10,1,6,10,17,24.19,4.84,70.97,62,0.0,100.0,66,39,0,3,False,0
command-injection,node-key-sender_1.0.11,skipped(already-installed),0,0.43,,2,2,27,1,8,20,20,51.02,0.0,48.98,49,59.26,29.63,74,34,0,2,False,0
command-injection,node-latex-pdf_0.0.2,skipped(already-installed),0,0.40,,2,2,5,1,1,6,7,41.38,0.0,58.62,29,0.0,100.0,47,33,0,0,False,0
command-injection,node-mpv_0.12.2,skipped(already-installed),0,3.10,,3,11,775,1,555,8302,12535,61.19,19.8,19.01,2015,30.71,59.35,2703,433,0,165,False,0
command-injection,node-ps_0.0.2,skipped(already-installed),0,0.42,,2,3,15,1,3,15,17,39.22,0.0,60.78,51,6.67,93.33,61,37,0,0,False,0
command-injection,node-unrar_0.1.0,skipped(already-installed),0,0.40,,2,2,8,1,1,6,7,37.93,0.0,62.07,29,25.0,75.0,48,33,0,0,False,0
command-injection,npm-git-publish_0.2.4-beta,skipped(already-installed),0,1.64,,45,98,1052,1,406,2524,3036,41.91,13.15,44.94,3505,14.45,61.41,1263,231,0,213,False,0
command-injection,npm-help_1.0.0,skipped(already-installed),0,0.52,,3,3,95,1,41,137,195,70.0,10.69,19.31,290,53.68,6.32,162,47,0,2,False,0
command-injection,onion-oled-js_0.0.2,skipped(already-installed),0,0.47,,4,13,79,1,22,89,101,64.86,2.7,32.43,185,39.24,53.16,119,42,0,3,False,0
command-injection,open_0.0.5,skipped(already-installed),0,0.41,,2,2,5,1,2,5,8,40.74,0.0,59.26,27,0.0,100.0,47,33,0,0,False,0
command-injection,pdf-image_1.0.5,skipped(already-installed),0,0.48,,3,3,96,1,33,200,206,70.33,6.04,23.63,182,14.58,73.96,120,49,0,0,False,0
command-injection,pdf-image_2.0.0,skipped(already-installed),0,0.48,,3,3,112,1,36,311,322,68.8,9.4,21.79,234,18.75,72.32,126,53,0,3,False,0
command-injection,pdfinfojs_0.3.6,skipped(already-installed),0,1.29,,37,146,824,1,368,1181,1547,52.99,1.6,45.42,3065,13.23,3.4,922,153,0,109,False,1
command-injection,pidusage_1.0.0,skipped(already-installed),0,0.42,,2,4,23,1,8,15,24,22.11,3.16,74.74,95,39.13,13.04,75,34,0,3,False,0
command-injection,port-killer_1.0.1,skipped(already-installed),0,0.40,,2,2,4,1,1,4,4,24.0,0.0,76.0,25,0.0,100.0,47,33,0,0,False,0
command-injection,portkiller_1.0.2,skipped(already-installed),0,0.40,,2,2,9,1,1,10,10,53.33,0.0,46.67,30,0.0,100.0,47,34,0,0,False,0
command-injection,portprocesses_1.0.4,skipped(already-installed),0,0.41,,2,3,16,1,2,17,17,46.0,0.0,54.0,50,6.25,43.75,59,36,0,0,False,0
command-injection,ps_0.0.2,skipped(already-installed),0,0.41,,2,2,12,1,2,11,13,46.34,0.0,53.66,41,8.33,91.67,53,35,0,0,False,0
command-injection,ps-kill_1.0.0,skipped(already-installed),0,0.39,,2,2,5,1,1,5,5,28.57,0.0,71.43,21,0.0,100.0,43,32,0,0,False,0
command-injection,psnode_0.0.1,skipped(already-installed),0,0.55,,7,8,74,1,37,59,66,27.45,0.0,72.55,306,32.43,14.86,188,61,0,3,False,0
command-injection,ps-visitor_0.0.2,skipped(already-installed),0,0.44,,2,2,23,1,12,22,27,38.21,0.0,61.79,123,8.7,26.09,83,39,0,11,False,0
command-injection,react-dev-utils_11.0.0,skipped(already-installed),0,0.58,,9,12,106,1,43,57,83,34.95,0.0,65.05,329,52.83,23.58,222,65,0,65,False,0
command-injection,roar-pidusage_1.1.6,skipped(already-installed),0,0.43,,2,4,27,1,9,18,28,31.3,2.61,66.09,115,37.04,11.11,79,36,0,3,False,0
command-injection,samsung-remote_1.2.5,skipped(already-installed),0,0.41,,2,3,14,1,4,14,19,35.62,0.0,64.38,73,7.14,42.86,59,37,0,0,False,0
command-injection,scp_0.0.3,skipped(already-installed),0,0.40,,2,2,7,1,2,6,6,34.62,0.0,65.38,26,14.29,71.43,49,34,0,0,False,0
command-injection,strider-git_1.0.3,skipped(already-installed),0,0.50,,8,11,88,1,33,90,97,42.22,4.44,53.33,270,29.55,38.64,146,56,0,3,False,0
command-injection,theme-core_0.2.5,skipped(already-installed),0,1.54,,12,53,925,1,524,2023,2756,72.8,3.29,23.91,3647,14.38,43.46,1174,223,0,63,False,0
command-injection,thi.ng-egf_0.3.0,skipped(already-installed),0,2.65,,25,25,1801,1,304,15797,24996,57.82,13.71,28.47,3224,44.42,34.26,2269,286,0,365,False,0
command-injection,total.js_3.4.6,skipped(already-installed),0,3.70,,2,17,3093,1,1215,6057,8148,53.0,7.92,39.08,11511,47.53,36.99,3288,416,0,926,False,0
command-injection,ts-process-promises_1.0.2,skipped(already-installed),0,1.40,,12,60,722,1,216,6554,10888,50.61,23.76,25.63,1974,15.1,70.08,1030,200,0,86,False,0
command-injection,umount_1.1.6,skipped(already-installed),0,2.23,,3,4,700,1,536,7658,11427,65.0,19.92,15.08,1857,25.86,63.0,1847,328,0,168,False,0
command-injection,vboxmanage.js_1.0.6,skipped(already-installed),0,0.45,,2,2,50,1,16,28,28,42.25,1.41,56.34,142,54.0,24.0,89,43,0,1,False,0
command-injection,wc-cmd_1.0.9,skipped(already-installed),0,0.41,,2,2,13,1,4,21,22,52.17,2.17,45.65,46,0.0,100.0,57,36,0,1,False,0
command-injection,whereis_0.4.0,skipped(already-installed),0,0.40,,2,2,8,1,2,11,12,38.24,0.0,61.76,34,0.0,100.0,50,34,0,0,False,0
command-injection,wincred_1.0.2,skipped(already-installed),0,0.40,,2,2,6,1,1,6,6,28.57,0.0,71.43,28,0.0,100.0,48,33,0,0,False,0
command-injection,xopen_1.0.0,skipped(already-installed),0,0.39,,2,2,6,1,1,6,6,45.45,0.0,54.55,22,0.0,100.0,45,32,0,1,False,0
command-injection,xps_1.0.2,skipped(already-installed),0,0.59,,11,15,170,1,58,266,297,39.17,8.54,52.29,480,33.53,44.71,229,57,0,5,False,0
path-traversal,11xiaoli_1.1.0,ok,0,0.39,,1,1,6,2,0,6,6,30.43,0.0,69.57,23,0.0,100.0,41,32,1,0,False,1
path-traversal,22lixian_1.0.0,ok,0,0.39,,1,1,6,1,0,6,6,31.82,0.0,68.18,22,0.0,100.0,40,32,1,0,False,1
path-traversal,angular-http-server_1.0.0,ok,0,0.39,,1,1,6,1,0,6,6,30.43,0.0,69.57,23,0.0,100.0,42,32,2,0,False,2
path-traversal,api-proxy_0.0.2,ok,0,0.44,,2,5,47,1,10,53,55,46.06,1.21,52.73,165,6.38,93.62,93,42,0,0,False,0
path-traversal,aso-server_0.4.3,ok,0,0.44,,3,3,33,1,8,36,41,43.75,3.57,52.68,112,9.09,90.91,82,37,1,1,False,1
path-traversal,asset-cache_0.0.6,ok,0,0.41,,2,3,11,1,2,11,12,40.48,0.0,59.52,42,9.09,90.91,56,36,0,0,False,0
path-traversal,atropa-ide_0.2.2-2,ok,0,0.49,,5,8,72,1,34,86,108,48.09,0.0,51.91,262,9.72,87.5,138,57,0,14,False,0
path-traversal,augustine_0.2.3,ok,0,0.39,,1,1,6,1,0,6,6,31.82,0.0,68.18,22,0.0,100.0,40,32,1,0,False,1
path-traversal,basic-static_2.0.2,ok,0,0.50,,3,6,23,1,43,26,35,34.29,3.81,61.9,105,4.35,95.65,139,65,0,5,False,0
path-traversal,bitty_0.1.0,ok,0,0.39,,1,1,6,1,0,6,6,31.82,0.0,68.18,22,0.0,100.0,40,32,1,0,False,1
path-traversal,caihong_1.0.0,ok,0,0.39,,1,1,6,2,0,6,6,29.17,0.0,70.83,24,0.0,100.0,42,32,2,0,False,2
path-traversal,canvas-designer_1.2.1,ok,0,0.39,,1,1,6,1,0,6,6,30.43,0.0,69.57,23,0.0,100.0,42,32,2,0,False,2
path-traversal,caolilinode_1.0.0,ok,0,0.39,,1,1,6,1,0,6,6,30.43,0.0,69.57,23,0.0,100.0,40,32,2,0,False,2
path-traversal,caolilinode1_1.0.0,ok,0,0.39,,1,1,6,1,0,6,6,31.82,0.0,68.18,22,0.0,100.0,41,32,2,0,False,2
path-traversal,config,skip,skip,0,no .test.js file found (malformed case dir),,,,,,,,,,,,,,,,,,,
path-traversal,crud-file-server_0.7.0,ok,0,0.38,,1,1,6,1,0,6,6,30.43,0.0,69.57,23,0.0,100.0,41,32,2,0,False,2
path-traversal,cuciuci_1.1.0,ok,0,0.38,,1,1,6,1,0,6,6,30.43,0.0,69.57,23,0.0,100.0,41,32,2,0,False,2
path-traversal,cuiaiguang_1.0.0,ok,0,0.39,,1,1,6,1,0,6,6,30.43,0.0,69.57,23,0.0,100.0,42,32,2,0,False,2
path-traversal,cxy_1.1.0,ok,0,0.39,,1,1,6,1,0,6,6,30.43,0.0,69.57,23,0.0,100.0,41,32,2,0,False,2
path-traversal,cyber-js_1.0.6,ok,0,0.39,,1,1,6,1,0,6,6,30.43,0.0,69.57,23,0.0,100.0,41,32,2,0,False,2
path-traversal,cypserver_1.0.0,ok,0,0.39,,1,1,6,1,0,6,6,30.43,0.0,69.57,23,0.0,100.0,41,32,2,0,False,2
path-traversal,datachannel-client_1.0.2,ok,0,0.39,,1,1,6,1,0,6,6,30.43,0.0,69.57,23,0.0,100.0,41,32,2,0,False,2
path-traversal,dcdcdcdcdc_1.0.0,ok,0,0.39,,1,1,6,1,0,6,6,30.43,0.0,69.57,23,0.0,100.0,41,32,2,0,False,2
path-traversal,der-server_0.0.9,ok,0,0.40,,2,2,7,1,3,7,7,31.25,0.0,68.75,32,0.0,100.0,51,34,0,1,False,0
path-traversal,dilu_0.1.3,ok,0,0.39,,1,1,6,1,0,6,6,30.43,0.0,69.57,23,0.0,100.0,41,32,2,0,False,2
path-traversal,dylmomo_1.0.0,ok,0,0.39,,1,1,6,1,0,6,6,30.43,0.0,69.57,23,0.0,100.0,40,32,2,0,False,2
path-traversal,easy-node-server_1.2.1,ok,0,0.41,,2,2,11,1,3,11,11,26.32,0.0,73.68,57,0.0,100.0,58,37,0,0,False,0
path-traversal,ex-http-frame_1.0.2,ok,0,0.39,,1,1,6,1,0,6,6,30.43,0.0,69.57,23,0.0,100.0,40,32,2,0,False,2
path-traversal,express-blinker_0.0.6,ok,0,0.59,,7,10,272,1,65,909,1040,46.83,17.56,35.61,615,19.49,67.65,237,60,1,22,False,1
path-traversal,exxxxxxxxxxx_1.0.2,ok,0,0.39,,1,1,6,1,0,6,6,30.43,0.0,69.57,23,0.0,100.0,41,32,2,0,False,2
path-traversal,fakelearnnodejs_0.0.1,ok,0,0.39,,1,1,6,1,0,6,6,30.43,0.0,69.57,23,0.0,100.0,40,32,2,0,False,2
path-traversal,fast-http_0.1.3,ok,0,0.42,,3,3,15,1,5,14,15,36.99,0.0,63.01,73,13.33,80.0,67,39,0,4,False,0
path-traversal,fast-http-cli_0.0.8,ok,0,0.39,,1,1,6,1,0,6,6,30.43,0.0,69.57,23,0.0,100.0,41,32,2,0,False,2
path-traversal,fbr-client_1.0.3,ok,0,0.39,,1,1,6,1,0,6,6,30.43,0.0,69.57,23,0.0,100.0,41,32,2,0,False,2
path-traversal,file-static-server_1.0.2,ok,0,0.39,,1,1,6,1,0,6,6,30.43,0.0,69.57,23,0.0,100.0,41,32,2,0,False,2
path-traversal,fsk-server_0.2.1,ok,0,0.39,,1,1,6,1,0,6,6,30.43,0.0,69.57,23,0.0,100.0,40,32,2,0,False,2
path-traversal,gamebutler_1.0.4,ok,0,0.38,,1,1,6,1,0,6,6,30.43,0.0,69.57,23,0.0,100.0,41,32,2,0,False,2
path-traversal,gaoxiaotingtingting_1.1.0,ok,0,0.39,,1,1,6,1,0,6,6,30.43,0.0,69.57,23,0.0,100.0,40,32,2,0,False,2
path-traversal,gaoxuyan_1.1.0,ok,0,0.39,,1,1,6,1,0,6,6,30.43,0.0,69.57,23,0.0,100.0,40,32,2,0,False,2
path-traversal,getstats_1.0.6,ok,0,0.39,,1,1,6,1,0,6,6,30.43,0.0,69.57,23,0.0,100.0,40,32,2,0,False,2
path-traversal,gfm-srv_1.1.2,ok,0,0.39,,1,1,6,1,0,6,6,30.43,0.0,69.57,23,0.0,100.0,41,32,2,0,False,2
path-traversal,glance_3.0.0,ok,0,0.57,,9,17,89,2,68,83,94,34.76,0.85,64.39,351,26.97,44.94,209,68,1,2,False,1
path-traversal,goserv_1.0.0,ok,0,0.39,,1,1,6,1,0,6,6,30.43,0.0,69.57,23,0.0,100.0,41,32,2,0,False,2
path-traversal,gyfserver_1.0.0,ok,0,0.39,,1,1,6,1,0,6,6,30.43,0.0,69.57,23,0.0,100.0,42,32,2,0,False,2
path-traversal,hangersteak_0.2.2,ok,0,0.53,,9,14,88,1,35,69,77,46.26,0.0,53.74,281,30.68,45.45,167,64,0,13,False,0
path-traversal,hdsdhhksjd_1.0.0,ok,0,0.39,,1,1,6,1,0,6,6,30.43,0.0,69.57,23,0.0,100.0,41,32,2,0,False,2
path-traversal,hftp_0.0.6,ok,0,0.39,,1,1,7,2,0,7,7,33.33,0.0,66.67,24,0.0,100.0,41,32,2,0,False,2
path-traversal,hostr_2.0.0,ok,0,0.39,,1,1,6,1,0,6,6,31.82,0.0,68.18,22,0.0,100.0,40,32,1,0,False,1
path-traversal,httpea_3.0.4,ok,0,0.39,,1,1,6,1,0,6,6,30.43,0.0,69.57,23,0.0,100.0,41,32,2,0,False,2
path-traversal,http-file-server_0.2.6,ok,0,0.39,,1,1,6,1,0,6,6,30.43,0.0,69.57,23,0.0,100.0,42,32,2,0,False,2
path-traversal,http-live-simulator_1.0.0,ok,0,0.39,,1,1,6,1,0,6,6,30.43,0.0,69.57,23,0.0,100.0,41,32,2,0,False,2
path-traversal,infraserver_0.0.1,ok,0,0.39,,1,1,6,1,0,6,6,30.43,0.0,69.57,23,0.0,100.0,40,32,2,0,False,2
path-traversal,intsol-package_1.0.0,ok,0,0.38,,1,1,6,1,0,6,6,30.43,0.0,69.57,23,0.0,100.0,41,32,2,0,False,2
path-traversal,isv-http_0.0.9,ok,0,0.63,,8,15,166,1,73,249,328,48.68,2.79,48.53,682,15.06,60.84,269,72,0,72,False,0
path-traversal,lander_1.0.0,ok,0,0.40,,2,2,10,1,3,10,10,28.26,0.0,71.74,46,0.0,100.0,53,35,0,0,False,0
path-traversal,lessindex_1.0.0,ok,0,0.39,,1,1,6,1,0,6,6,30.43,0.0,69.57,23,0.0,100.0,41,32,2,0,False,2
path-traversal,lihuini_1.0.0,ok,0,0.39,,1,1,6,1,0,6,6,30.43,0.0,69.57,23,0.0,100.0,41,32,2,0,False,2
path-traversal,liuyaserver_1.0.0,ok,0,0.38,,1,1,6,1,0,6,6,30.43,0.0,69.57,23,0.0,100.0,41,33,2,0,False,2
path-traversal,liyujing_1.1.0,ok,0,0.39,,1,1,6,1,0,6,6,30.43,0.0,69.57,23,0.0,100.0,40,32,2,0,False,2
path-traversal,ljjnodeserve_1.0.0,ok,0,0.39,,1,1,7,2,0,7,7,32.0,0.0,68.0,25,0.0,100.0,43,32,2,0,False,2
path-traversal,looppake_3.0.0,ok,0,0.39,,1,1,6,1,0,6,6,30.43,0.0,69.57,23,0.0,100.0,41,32,2,0,False,2
path-traversal,ltt_1.1.0,ok,0,0.39,,1,1,6,1,0,6,6,30.43,0.0,69.57,23,0.0,100.0,41,32,2,0,False,2
path-traversal,ltt.js_1.0.0,ok,0,0.38,,1,1,6,1,0,6,6,30.43,0.0,69.57,23,0.0,100.0,41,32,2,0,False,2
path-traversal,lzl123_1.1.0,ok,0,0.39,,1,1,6,1,0,6,6,30.43,0.0,69.57,23,0.0,100.0,41,32,2,0,False,2
path-traversal,mcstatic_0.0.20,ok,0,0.39,,1,1,6,1,0,6,6,30.43,0.0,69.57,23,0.0,100.0,40,32,2,0,False,2
path-traversal,mfrs_1.0.0,ok,0,0.39,,1,1,6,1,0,6,6,30.43,0.0,69.57,23,0.0,100.0,41,32,2,0,False,2
path-traversal,mfrserver_1.0.0,ok,0,0.39,,1,1,6,1,0,6,6,30.43,0.0,69.57,23,0.0,100.0,41,32,2,0,False,2
path-traversal,m-server_1.4.0,ok,0,0.39,,1,1,6,1,0,6,6,30.43,0.0,69.57,23,0.0,100.0,41,32,2,0,False,2
path-traversal,myprolyz_1.1.0,ok,0,0.39,,1,1,6,1,0,6,6,30.43,0.0,69.57,23,0.0,100.0,41,32,2,0,False,2
path-traversal,myserve111_1.1.2,ok,0,0.39,,1,1,6,1,0,6,6,30.43,0.0,69.57,23,0.0,100.0,40,32,2,0,False,2
path-traversal,my-sn_1.0.1,ok,0,0.39,,1,1,6,1,0,6,6,30.43,0.0,69.57,23,0.0,100.0,41,32,2,0,False,2
path-traversal,nitro-server_1.3.3,ok,0,2.11,,138,231,1906,1,840,3106,3758,49.38,4.69,45.93,6373,21.62,28.44,1727,282,0,218,False,1
path-traversal,nodeaaaaa_1.3.0,ok,0,0.39,,1,1,6,1,0,6,6,30.43,0.0,69.57,23,0.0,100.0,40,32,2,0,False,2
path-traversal,node-cxc_1.0.0,ok,0,0.39,,1,1,6,1,0,6,6,30.43,0.0,69.57,23,0.0,100.0,41,32,2,0,False,2
path-traversal,node-http-server_8.1.2,ok,0,0.44,,2,2,32,1,20,40,54,52.0,1.6,46.4,125,3.13,96.88,87,41,0,1,False,0
path-traversal,nodejsccc_1.0.0,ok,0,0.39,,1,1,6,1,0,6,6,30.43,0.0,69.57,23,0.0,100.0,41,32,2,0,False,2
path-traversal,node-simple-router_0.10.0,ok,0,0.62,,2,5,213,1,186,379,441,44.41,6.88,48.71,698,13.62,66.2,258,62,0,44,False,0
path-traversal,node-srv_2.0.0,ok,0,0.71,,8,9,303,1,117,1046,1275,56.29,9.05,34.67,851,29.37,40.92,353,82,0,61,False,0
path-traversal,node-staticserver_1.0.3,ok,0,0.45,,2,4,21,1,15,25,38,31.4,0.83,67.77,121,4.76,95.24,94,43,0,1,False,0
path-traversal,node-static-webserver_0.0.1,ok,0,0.41,,2,2,17,1,4,17,19,38.1,0.0,61.9,63,5.88,94.12,61,38,0,1,False,0
path-traversal,nopach_0.1.1,ok,0,0.39,,1,1,6,1,0,6,6,30.43,0.0,69.57,23,0.0,100.0,40,32,2,0,False,2
path-traversal,open-device_4.0.1,ok,0,0.39,,1,1,6,1,0,6,6,30.43,0.0,69.57,23,0.0,100.0,41,32,2,0,False,2
path-traversal,paopao613_1.0.0,ok,0,0.39,,1,1,6,1,0,6,6,30.43,0.0,69.57,23,0.0,100.0,40,32,2,0,False,2
path-traversal,peiserver_1.0.0,ok,0,0.39,,1,1,6,2,0,6,6,29.17,0.0,70.83,24,0.0,100.0,42,32,2,0,False,2
path-traversal,pico-static-server_2.3.4,ok,0,0.40,,2,2,9,1,3,9,13,34.09,0.0,65.91,44,0.0,100.0,55,36,0,1,False,0
path-traversal,proxey_0.4.2,ok,0,0.43,,2,3,19,1,6,18,21,31.58,0.0,68.42,76,5.26,94.74,78,35,0,2,False,0
path-traversal,ptest_1.0.0,ok,0,0.39,,1,1,6,1,0,6,6,30.43,0.0,69.57,23,0.0,100.0,41,32,2,0,False,2
path-traversal,public_0.1.2,ok,0,0.39,,1,1,6,2,0,6,6,32.0,0.0,68.0,25,0.0,100.0,43,32,2,0,False,2
path-traversal,pytservce_1.0.0,ok,0,0.39,,1,1,6,2,0,6,6,29.17,0.0,70.83,24,0.0,100.0,42,32,2,0,False,2
path-traversal,ritp_1.0.5,ok,0,0.39,,1,1,6,1,0,6,6,30.43,0.0,69.57,23,0.0,100.0,41,32,2,0,False,2
path-traversal,rjpserver_1.0.0,ok,0,0.40,,1,1,6,2,0,6,6,29.17,0.0,70.83,24,0.0,100.0,42,32,2,0,False,2
path-traversal,rollup-plugin-dev-server_0.4.3,ok,0,0.44,,4,4,33,1,11,34,35,36.89,0.82,62.3,122,18.18,66.67,89,40,0,5,False,0
path-traversal,rollup-plugin-serve_0.4.2,ok,0,0.44,,4,4,31,1,10,32,33,40.95,0.95,58.1,105,19.35,64.52,85,38,0,5,False,0
path-traversal,rollup-plugin-serve-favicon_0.4.2,ok,0,0.43,,4,4,31,1,10,32,33,40.95,0.95,58.1,105,19.35,64.52,86,38,0,5,False,0
path-traversal,rollup-plugin-server_0.7.0,ok,0,0.43,,4,4,28,1,13,30,31,40.2,0.98,58.82,102,17.86,64.29,86,39,0,5,False,0
path-traversal,rtcmulticonnection-client_1.0.5,ok,0,0.39,,1,1,6,1,0,6,6,30.43,0.0,69.57,23,0.0,100.0,41,32,2,0,False,2
path-traversal,run-this-place_1.0.2,ok,0,0.39,,1,1,6,1,0,6,6,30.43,0.0,69.57,23,0.0,100.0,41,32,2,0,False,2
path-traversal,sabu_1.0.6,ok,0,0.39,,1,1,6,1,0,6,6,30.43,0.0,69.57,23,0.0,100.0,41,32,2,0,False,2
path-traversal,serve46_1.0.0,ok,0,0.38,,1,1,6,1,0,6,6,30.43,0.0,69.57,23,0.0,100.0,41,32,2,0,False,2
path-traversal,serve-here.js_1.1.0,ok,0,0.42,,1,1,6,1,0,6,6,30.43,0.0,69.57,23,0.0,100.0,41,32,2,0,False,2
path-traversal,server12311_1.2.0,ok,0,0.39,,1,1,6,1,0,6,6,30.43,0.0,69.57,23,0.0,100.0,40,32,2,0,False,2
path-traversal,serverabc_1.0.0,ok,0,0.39,,1,1,6,1,0,6,6,30.43,0.0,69.57,23,0.0,100.0,40,32,2,0,False,2
path-traversal,serverfff_1.1.1,ok,0,0.39,,1,1,6,1,0,6,6,30.43,0.0,69.57,23,0.0,100.0,40,32,2,0,False,2
path-traversal,servergmf_1.1.0,ok,0,0.39,,1,1,6,1,0,6,6,30.43,0.0,69.57,23,0.0,100.0,41,32,2,0,False,2
path-traversal,serverhuwenhui_1.1.0,ok,0,0.39,,1,1,6,1,0,6,6,30.43,0.0,69.57,23,0.0,100.0,41,32,2,0,False,2
path-traversal,serverliujiayi1_1.1.0,ok,0,0.39,,1,1,6,1,0,6,6,30.43,0.0,69.57,23,0.0,100.0,41,32,2,0,False,2
path-traversal,serverlyj333_1.1.0,ok,0,0.40,,1,1,7,2,0,7,7,32.0,0.0,68.0,25,0.0,100.0,44,32,2,0,False,2
path-traversal,serverlyr_1.1.0,ok,0,0.39,,1,1,6,1,0,6,6,30.43,0.0,69.57,23,0.0,100.0,40,32,2,0,False,2
path-traversal,servershuai_1.2.0,ok,0,0.40,,1,1,6,1,0,6,6,30.43,0.0,69.57,23,0.0,100.0,41,32,2,0,False,2
path-traversal,serversyysyy_1.1.0,ok,0,0.39,,1,1,7,2,0,7,7,32.0,0.0,68.0,25,0.0,100.0,42,32,2,0,False,2
path-traversal,serverwg_1.0.0,ok,0,0.39,,1,1,6,1,0,6,6,30.43,0.0,69.57,23,0.0,100.0,41,32,2,0,False,2
path-traversal,serverwzl_1.3.1,ok,0,0.39,,1,1,6,1,0,6,6,30.43,0.0,69.57,23,0.0,100.0,40,32,2,0,False,2
path-traversal,serverxh_1.0.0,ok,0,0.39,,1,1,6,1,0,6,6,30.43,0.0,69.57,23,0.0,100.0,41,32,2,0,False,2
path-traversal,serverxxx_1.0.0,ok,0,0.39,,1,1,6,1,0,6,6,30.43,0.0,69.57,23,0.0,100.0,41,32,2,0,False,2
path-traversal,serveryaozeyan_1.0.4,ok,0,0.39,,1,1,6,1,0,6,6,30.43,0.0,69.57,23,0.0,100.0,41,32,2,0,False,2
path-traversal,serveryyl_1.1.0,ok,0,0.39,,1,1,6,1,0,6,6,30.43,0.0,69.57,23,0.0,100.0,40,32,2,0,False,2
path-traversal,serveryztyzt_1.4.0,ok,0,0.39,,1,1,6,1,0,6,6,30.43,0.0,69.57,23,0.0,100.0,41,32,2,0,False,2
path-traversal,serverzyqzyq_1.1.0,ok,0,0.38,,1,1,6,1,0,6,6,30.43,0.0,69.57,23,0.0,100.0,41,32,2,0,False,2
path-traversal,serverzyy_1.0.0,ok,0,0.39,,1,1,6,2,0,6,6,29.17,0.0,70.83,24,0.0,100.0,43,32,2,0,False,2
path-traversal,servewuqianqianqian_1.0.0,ok,0,0.39,,1,1,6,1,0,6,6,30.43,0.0,69.57,23,0.0,100.0,41,32,2,0,False,2
path-traversal,servey_2.2.0,ok,0,0.39,,1,1,6,1,0,6,6,30.43,0.0,69.57,23,0.0,100.0,41,32,2,0,False,2
path-traversal,severzlt_1.0.0,ok,0,0.39,,1,1,6,1,0,6,6,30.43,0.0,69.57,23,0.0,100.0,41,32,2,0,False,2
path-traversal,sgqserve_1.0.0,ok,0,0.39,,1,1,6,2,0,6,6,29.17,0.0,70.83,24,0.0,100.0,42,32,2,0,False,2
path-traversal,shenliru_1.2.0,ok,0,0.39,,1,1,6,1,0,6,6,30.43,0.0,69.57,23,0.0,100.0,41,32,2,0,False,2
path-traversal,shenliru3_1.3.0,ok,0,0.39,,1,1,6,1,0,6,6,30.43,0.0,69.57,23,0.0,100.0,41,32,2,0,False,2
path-traversal,shit-server_1.0.0,ok,0,0.39,,1,1,6,1,0,6,6,30.43,0.0,69.57,23,0.0,100.0,41,32,2,0,False,2
path-traversal,simple-mock-server_0.2.1,ok,0,0.39,,1,1,6,1,0,6,6,30.43,0.0,69.57,23,0.0,100.0,41,32,2,0,False,2
path-traversal,songcaihong_1.0.0,ok,0,0.39,,1,1,6,1,0,6,6,30.43,0.0,69.57,23,0.0,100.0,41,32,2,0,False,2
path-traversal,srverqq_1.0.0,failed,n/a,0,npm install failed,,,,,,,,,,,,,,,,,,False,0
path-traversal,starfruit_0.2.2,ok,0,0.46,,3,5,65,1,16,36,37,40.2,0.49,59.31,204,49.23,10.77,107,40,1,8,False,1
path-traversal,static-html-server_0.1.2,ok,0,0.40,,1,1,6,1,0,6,6,30.43,0.0,69.57,23,0.0,100.0,42,32,2,0,False,2
path-traversal,statichttpserver_0.9.7,ok,0,0.38,,1,1,6,1,0,6,6,30.43,0.0,69.57,23,0.0,100.0,41,32,2,0,False,2
path-traversal,static-server-gx_1.2.1,ok,0,0.39,,1,1,6,1,0,6,6,30.43,0.0,69.57,23,0.0,100.0,40,32,2,0,False,2
path-traversal,statics-server_0.0.9,ok,0,0.39,,1,1,6,1,0,6,6,30.43,0.0,69.57,23,0.0,100.0,40,32,2,0,False,2
path-traversal,stattic_0.2.3,ok,0,0.62,,5,27,158,1,88,107,146,47.18,2.82,50.0,426,43.67,26.58,249,72,0,50,False,0
path-traversal,susu-sum_1.0.0,ok,0,0.39,,1,1,6,1,0,6,6,30.43,0.0,69.57,23,0.0,100.0,42,32,2,0,False,2
path-traversal,tinyserver_0.1.1,ok,0,0.39,,1,1,6,1,0,6,6,30.43,0.0,69.57,23,0.0,100.0,41,32,2,0,False,2
path-traversal,tinyserver2_0.5.2,ok,0,0.39,,1,1,6,1,0,6,6,30.43,0.0,69.57,23,0.0,100.0,40,32,2,0,False,2
path-traversal,uekw1511server_1.0.1,ok,0,0.39,,1,1,6,1,0,6,6,30.43,0.0,69.57,23,0.0,100.0,41,32,2,0,False,2
path-traversal,ussasasa_1.0.0,ok,0,0.39,,1,1,6,1,0,6,6,31.82,0.0,68.18,22,0.0,100.0,40,32,1,0,False,1
path-traversal,@vivaxy-here_3.1.0,ok,0,0.39,,1,1,6,1,0,6,6,31.82,0.0,68.18,22,0.0,100.0,40,32,2,0,False,2
path-traversal,wangguojing123_1.3.0,ok,0,0.39,,1,1,6,1,0,6,6,30.43,0.0,69.57,23,0.0,100.0,40,32,2,0,False,2
path-traversal,wangshuai_1.0.0,ok,0,0.42,,1,1,6,1,0,6,6,30.43,0.0,69.57,23,0.0,100.0,42,32,2,0,False,2
path-traversal,web-node-server_0.1.0,ok,0,0.44,,2,6,22,1,7,27,32,40.7,0.0,59.3,86,0.0,100.0,82,36,0,2,False,0
path-traversal,webrepl_0.4.7,ok,0,0.45,,2,4,39,1,15,31,38,34.01,0.0,65.99,147,28.21,71.79,90,43,0,4,False,0
path-traversal,welcomyzt_1.1.0,ok,0,0.39,,1,1,6,1,0,6,6,30.43,0.0,69.57,23,0.0,100.0,42,32,2,0,False,2
path-traversal,wenluhong1_1.0.0,ok,0,0.39,,1,1,6,1,0,6,6,30.43,0.0,69.57,23,0.0,100.0,40,32,2,0,False,2
path-traversal,wenluhong11_1.0.0,ok,0,0.39,,1,1,6,1,0,6,6,30.43,0.0,69.57,23,0.0,100.0,41,32,2,0,False,2
path-traversal,wenluhong111_1.0.0,ok,0,0.39,,1,1,7,2,0,7,7,32.0,0.0,68.0,25,0.0,100.0,42,32,2,0,False,2
path-traversal,wffserve_1.0.0,ok,0,0.39,,1,1,6,1,0,6,6,30.43,0.0,69.57,23,0.0,100.0,40,32,2,0,False,2
path-traversal,willvdb_test_server_0.0.0,ok,0,0.40,,2,2,11,1,2,11,11,21.82,0.0,78.18,55,0.0,100.0,57,36,0,0,False,0
path-traversal,wind-mvc_0.0.6,ok,0,0.39,,1,1,6,1,0,6,6,30.43,0.0,69.57,23,0.0,100.0,41,32,2,0,False,2
path-traversal,wintiwebdev_1.0.0,ok,0,0.40,,1,1,6,1,0,6,6,30.43,0.0,69.57,23,0.0,100.0,40,32,2,0,False,2
path-traversal,wrlc_0.2.5,ok,0,0.42,,3,3,19,1,5,15,15,33.33,0.0,66.67,69,26.32,57.89,69,39,0,4,False,0
path-traversal,wuzhuang_1.0.0,ok,0,0.38,,1,1,6,1,0,6,6,30.43,0.0,69.57,23,0.0,100.0,40,32,2,0,False,2
path-traversal,wuzhuangserver_1.8.0,ok,0,0.39,,1,1,6,1,0,6,6,31.82,0.0,68.18,22,0.0,100.0,41,32,2,0,False,2
path-traversal,xbhxbh_1.1.0,ok,0,0.39,,1,1,6,1,0,6,6,30.43,0.0,69.57,23,0.0,100.0,41,32,2,0,False,2
path-traversal,xingbaohai_1.0.0,ok,0,0.39,,1,1,6,1,0,6,6,30.43,0.0,69.57,23,0.0,100.0,40,32,2,0,False,2
path-traversal,xxf11_1.0.1,ok,0,0.39,,1,1,6,1,0,6,6,30.43,0.0,69.57,23,0.0,100.0,40,32,2,0,False,2
path-traversal,yjmyjmyjm_1.0.0,ok,0,0.39,,1,1,6,1,0,6,6,30.43,0.0,69.57,23,0.0,100.0,40,32,2,0,False,2
path-traversal,yxxserver_1.0.0,ok,0,0.38,,1,1,6,1,0,6,6,30.43,0.0,69.57,23,0.0,100.0,41,32,2,0,False,2
path-traversal,yyooopack_3.0.0,ok,0,0.39,,1,1,6,1,0,6,6,30.43,0.0,69.57,23,0.0,100.0,40,32,2,0,False,2
path-traversal,yypsulie11_1.0.0,ok,0,0.39,,1,1,6,1,0,6,6,30.43,0.0,69.57,23,0.0,100.0,41,32,2,0,False,2
path-traversal,yzt_1.4.0,ok,0,0.39,,1,1,6,1,0,6,6,30.43,0.0,69.57,23,0.0,100.0,41,32,2,0,False,2
path-traversal,zhanglina_1.0.0,ok,0,0.39,,1,1,6,2,0,6,6,29.17,0.0,70.83,24,0.0,100.0,42,32,2,0,False,2
path-traversal,zhangranbigman_0.0.1,ok,0,0.39,,1,1,6,1,0,6,6,30.43,0.0,69.57,23,0.0,100.0,40,32,2,0,False,2
path-traversal,zhaolei1111_1.1.0,ok,0,0.39,,1,1,6,1,0,6,6,30.43,0.0,69.57,23,0.0,100.0,40,32,2,0,False,2
path-traversal,zjjserver_1.0.0,ok,0,0.39,,1,1,6,2,0,6,6,29.17,0.0,70.83,24,0.0,100.0,42,32,2,0,False,2
path-traversal,zs123_1.0.0,ok,0,0.39,,1,1,6,1,0,6,6,30.43,0.0,69.57,23,0.0,100.0,40,32,2,0,False,2
path-traversal,zwserver_0.1.1,ok,0,0.39,,1,1,6,1,0,6,6,30.43,0.0,69.57,23,0.0,100.0,41,32,2,0,False,2
path-traversal,zxyserver_1.0.0,ok,0,0.39,,1,1,6,2,0,6,6,29.17,0.0,70.83,24,0.0,100.0,43,32,2,0,False,2
code-injection,access-policy_3.1.0,ok,0,0.42,,2,7,24,1,5,21,21,41.67,0.0,58.33,60,16.67,16.67,75,32,0,2,False,0
code-injection,cd-messenger_2.7.24,ok,0,0.54,,13,25,129,1,39,103,125,56.1,0.3,43.6,328,40.31,23.26,192,51,0,70,False,0
code-injection,djv_2.0.0,ok,0,0.54,,3,30,99,1,49,166,220,55.14,0.54,44.32,370,16.16,78.79,180,47,0,26,False,0
code-injection,hot-formula-parser_3.0.0,ok,0,1.46,,6,42,1088,1,412,1362,1867,52.19,0.3,47.51,3702,61.03,9.19,1095,184,0,310,False,0
code-injection,is-my-json-valid_2.20.0,ok,0,0.51,,9,10,82,1,39,96,266,64.52,0.24,35.24,420,31.71,60.98,156,62,1,24,False,1
code-injection,jsen_0.6.6,ok,0,0.55,,2,9,95,1,43,105,154,39.77,0.0,60.23,435,40.0,46.32,194,57,0,39,False,0
code-injection,json-ptr_2.0.0,ok,0,0.54,,3,6,139,2,39,122,179,45.72,3.48,50.8,374,43.17,7.19,186,55,0,47,False,0
code-injection,js-yaml_3.13.0,ok,0,1.32,,3,32,594,1,380,1490,2089,76.12,1.98,21.9,2630,11.11,38.05,951,181,0,31,False,0
code-injection,kmc_1.2.2,ok,0,0.70,,5,30,219,1,152,145,179,35.64,0.0,64.36,665,57.53,15.07,330,75,0,37,False,0
code-injection,local-devices_2.0.0,ok,0,0.50,,7,12,70,1,27,91,104,41.89,0.75,57.36,265,15.71,64.29,143,54,0,9,False,0
code-injection,marsdb_0.6.11,ok,0,1.00,,8,57,791,1,287,1379,1672,46.14,6.3,47.57,2033,39.06,38.31,643,119,0,93,False,0
code-injection,mathjs_3.10.3,ok,0,58.84,,8,515,2441,2,1470,63257,153978,37.29,21.3,41.41,9664,46.78,43.47,57984,6101,0,10634,False,0
code-injection,mathjs_3.9.0,ok,0,56.91,,7,512,2414,2,1458,62037,151571,37.25,21.39,41.36,9586,46.98,43.37,56065,5867,0,10595,False,0
code-injection,mixin-pro_0.6.0,ok,0,0.42,,2,2,14,1,7,13,16,44.74,2.63,52.63,38,21.43,71.43,69,39,0,4,False,0
code-injection,m-log_0.0.1,ok,0,0.50,,4,16,86,1,30,53,86,54.32,0.41,45.27,243,47.67,32.56,141,55,0,27,False,0
code-injection,mobile-icon-resizer_0.4.0,ok,0,0.53,,5,7,213,1,42,421,477,51.02,19.8,29.19,394,21.6,61.03,175,50,0,16,False,0
code-injection,modjs_0.4.0,ok,0,2.35,,109,212,2090,1,971,4163,5394,51.06,7.06,41.88,7281,28.23,27.51,1969,261,0,464,False,0
code-injection,modulify_0.1.0,ok,0,1.14,,3,3,444,1,287,1287,1790,85.04,2.65,12.3,1959,0.9,1.13,777,146,0,11,False,0
code-injection,mol-proto_0.1.3,ok,0,0.50,,2,10,128,1,64,91,99,47.76,1.87,50.37,268,55.47,23.44,146,58,0,27,False,0
code-injection,mongoosemask_0.0.6,failed,n/a,0,npm install failed,,,,,,,,,,,,,,,,,,False,0
code-injection,mongo-parse_2.1.0,ok,0,0.48,,2,5,77,1,26,78,97,68.02,0.0,31.98,172,36.36,16.88,118,48,0,34,False,0
code-injection,mosc_1.0.0,ok,0,0.41,,2,2,8,1,3,7,8,40.0,0.0,60.0,30,37.5,62.5,54,36,0,8,False,0
code-injection,node-extend_0.2.0,ok,0,0.40,,2,3,3,1,1,3,3,28.57,0.0,71.43,21,0.0,100.0,48,33,0,1,False,0
code-injection,node-rules_3.0.0,ok,0,0.63,,3,5,210,1,73,939,1135,62.65,12.26,25.1,514,35.24,55.24,264,60,0,57,False,0
code-injection,node-serialize_0.0.3,ok,0,0.41,,2,2,7,1,3,8,8,25.0,0.0,75.0,32,0.0,85.71,57,37,0,4,False,0
code-injection,open_0.0.5,ok,0,0.40,,2,2,4,1,2,4,7,38.46,0.0,61.54,26,0.0,100.0,47,33,0,0,False,0
code-injection,pixl-class_1.0.0,ok,0,0.40,,2,2,4,1,3,4,4,23.33,0.0,76.67,30,0.0,100.0,54,35,0,4,False,0
code-injection,realms-shim_1.1.0,ok,0,0.46,,2,2,68,1,13,77,93,59.39,0.51,40.1,197,26.47,72.06,105,38,0,21,False,0
code-injection,reduce-css-calc_1.2.0,ok,0,0.43,,5,5,15,1,8,16,19,55.26,0.0,44.74,76,6.67,93.33,80,35,0,1,False,0
code-injection,safe-eval_0.2.0,ok,0,0.39,,2,2,3,1,1,3,3,21.43,0.0,78.57,14,0.0,100.0,41,32,0,2,False,0
code-injection,safer-eval_1.3.1,ok,0,0.43,,3,4,36,1,14,39,48,63.81,1.9,34.29,105,16.67,83.33,85,38,0,14,False,0
code-injection,serialize-javascript_2.0.0,ok,0,0.42,,2,2,9,1,6,7,8,25.86,0.0,74.14,58,33.33,33.33,63,39,0,3,False,0
code-injection,serialize-to-js_0.5.0,ok,0,0.69,,3,11,181,2,200,337,638,72.16,0.1,27.73,970,13.81,2.21,325,78,0,37,False,0
code-injection,static-eval_1.1.1,ok,0,1.56,,7,20,754,1,541,1723,2434,72.84,2.05,25.11,3262,18.83,65.92,1183,223,0,39,False,0
code-injection,thenify_3.3.0,ok,0,0.42,,3,5,13,1,8,11,11,39.02,0.0,60.98,41,30.77,69.23,69,39,0,5,False,0
code-injection,underscore_1.13.0-0,ok,0,0.62,,2,3,186,1,68,926,1123,64.27,13.73,22.0,459,32.8,56.99,253,74,0,58,False,0
code-injection,value-censorship_1.1.0,ok,0,1.27,,8,110,701,1,511,1472,2063,67.71,0.89,31.4,3153,22.68,54.78,908,170,0,59,False,0
code-injection,veval_1.0.0,ok,0,0.39,,2,2,2,1,1,2,2,18.18,0.0,81.82,11,0.0,100.0,40,32,0,0,False,0
code-injection,wifiscanner_1.0.1,ok,0,0.63,,5,14,327,1,75,1003,1151,49.39,16.46,34.15,735,16.82,71.87,266,71,1,57,False,1
code-injection,zhaoyao91-eval-in-vm_0.0.0,ok,0,0.39,,2,2,2,1,1,2,2,16.67,0.0,83.33,12,0.0,100.0,42,32,0,2,False,0
