class,module,npm_install,jelly_exit,seconds,note
prototype-pollution,101_1.0.0,ok,0,0.45,
prototype-pollution,algoliasearch-helper_3.6.0,ok,0,0.63,
prototype-pollution,arr-flatten-unflatten_1.1.4,ok,0,0.41,
prototype-pollution,asciitable.js_1.0.2,ok,0,0.42,
prototype-pollution,assign-deep_1.0.0,ok,0,0.41,
prototype-pollution,aurelia-path_1.1.0,skip,skip,0,no .test.js file found (malformed case dir)
prototype-pollution,aurelia-path_1.1.7,ok,0,0.43,
prototype-pollution,aws-sdk-shared-ini-file-loader_1.0.0-rc.8,ok,0,0.41,
prototype-pollution,bmoor_0.8.11,ok,0,0.55,
prototype-pollution,bodymen_1.0.0,ok,0,2.62,
prototype-pollution,brikcss-merge_1.3.0,ok,0,0.43,
prototype-pollution,cached-path-relative_1.0.1,ok,0,0.39,
prototype-pollution,changeset_0.1.0,ok,0,0.55,
prototype-pollution,class-transformer_0.1.1,ok,0,0.48,
prototype-pollution,component-flatten_1.0.1,ok,0,0.51,
prototype-pollution,confinit_0.3.0,ok,0,0.59,
prototype-pollution,confucious_0.0.12,ok,0,0.67,
prototype-pollution,connie_0.1.0,ok,0,1.62,
prototype-pollution,controlled-merge_1.0.0,ok,0,0.40,
prototype-pollution,convict_6.0.0,ok,0,0.65,
prototype-pollution,cookiex-deep_0.0.6,ok,0,0.44,
prototype-pollution,copy-props_2.0.4,ok,0,0.46,
prototype-pollution,deap_1.0.0,ok,0,0.42,
prototype-pollution,decal_2.0.0,ok,0,0.93,
prototype-pollution,decal_2.1.3,ok,0,0.91,
prototype-pollution,deep-defaults_1.0.5,ok,0,2.25,
prototype-pollution,deep-extend_0.5.0,ok,0,0.40,
prototype-pollution,deep-get-set_1.1.0,ok,0,0.39,
prototype-pollution,deephas_1.0.5,ok,0,0.40,
prototype-pollution,deeply_3.0.0,ok,0,0.44,
prototype-pollution,deepmergefn_1.1.0,ok,0,0.38,
prototype-pollution,deep-override_1.0.0,ok,0,0.40,
prototype-pollution,deepref_1.1.1,ok,0,0.41,
prototype-pollution,deeps_1.4.5,ok,0,0.43,
prototype-pollution,deep-set_1.0.0,ok,0,0.41,
prototype-pollution,defaults-deep_0.2.0,ok,0,0.41,
prototype-pollution,defaults-deep_0.2.4,ok,0,0.40,
prototype-pollution,doc-path_2.0.0,ok,0,0.40,
prototype-pollution,dot-notes_3.2.0,ok,0,0.44,
prototype-pollution,dot-object_2.1.2,ok,0,0.44,
prototype-pollution,dot-prop_2.0.0,ok,0,0.39,
prototype-pollution,dotty_0.0.1,ok,0,0.40,
prototype-pollution,dset_1.0.0,ok,0,0.39,
prototype-pollution,eivifj-dot_1.0.2,ok,0,0.39,
prototype-pollution,eivindfjeldstad-dot_0.0.1,ok,0,0.39,
prototype-pollution,expand-hash_1.0.1,ok,0,0.40,
prototype-pollution,extend_3.0.1,ok,0,0.40,
prototype-pollution,extend-merge_1.0.5,ok,0,0.40,
prototype-pollution,fabiocaccamo-utils.js_0.17.0,ok,0,0.64,
prototype-pollution,fast-json-patch_2.0.4,ok,0,0.64,
prototype-pollution,field_1.0.1,ok,0,0.40,
prototype-pollution,firebase-util_0.3.2,ok,0,0.55,
prototype-pollution,firebase-util_0.3.3-canary.c47ba31d0,ok,0,0.56,
prototype-pollution,flat_5.0.0,ok,0,0.42,
prototype-pollution,flattenizer_0.0.5,ok,0,0.41,
prototype-pollution,flat-wrap_1.0.2,ok,0,0.42,
prototype-pollution,fluentui-styles_0.47.15,ok,0,0.86,
prototype-pollution,gammautils_0.0.81,ok,0,0.61,
prototype-pollution,gedi_1.6.3,ok,0,0.75,
prototype-pollution,getobject_0.1.0,ok,0,0.40,
prototype-pollution,getsetdeep_4.15.0,ok,0,0.43,
prototype-pollution,grunt-util-property_0.0.2,ok,0,2.98,
prototype-pollution,hoek_5.0.0,ok,0,0.48,
prototype-pollution,i18next_19.7.0,ok,0,0.38,
prototype-pollution,ianwalter-merge_9.0.1,ok,0,0.39,
prototype-pollution,immer_8.0.0,ok,0,0.73,
prototype-pollution,ini_1.3.5,ok,0,0.43,
prototype-pollution,ini-parser_0.0.2,ok,0,0.39,
prototype-pollution,iniparserjs_1.0.4,ok,0,0.42,
prototype-pollution,inireader_1.0.0,ok,0,0.44,
prototype-pollution,ion-parser_0.5.2,ok,0,0.46,
prototype-pollution,jointjs_2.2.1,ok,134,94.78,non-zero exit (see log)
prototype-pollution,jointjs_3.4.0,ok,134,79.75,non-zero exit (see log)
prototype-pollution,jquery_1.11.0,ok,0,1.10,
prototype-pollution,js-data_3.0.9,ok,0,0.89,
prototype-pollution,js-extend_0.0.1,ok,0,0.39,
prototype-pollution,js-ini_1.2.0,ok,0,0.43,
prototype-pollution,json8-merge-patch_1.0.1,ok,0,0.43,
prototype-pollution,json-pointer_0.6.0,ok,0,0.42,
prototype-pollution,json-pointer_0.6.1,ok,0,0.42,
prototype-pollution,jsonpointer_4.0.0,ok,0,0.41,
prototype-pollution,json-ptr_1.1.0,ok,0,0.45,
prototype-pollution,json-schema_0.3.0,ok,0,0.43,
prototype-pollution,just-extend_3.0.0,ok,0,0.39,
prototype-pollution,just-safe-set_1.0.0,ok,0,0.38,
prototype-pollution,keyd_1.3.4,ok,0,0.43,
prototype-pollution,keyget_2.2.0,ok,0,0.42,
prototype-pollution,libnested_1.5.0,ok,0,0.41,
prototype-pollution,linux-cmdline_1.0.0,ok,0,0.39,
prototype-pollution,locutus_2.0.11,ok,0,1.55,
prototype-pollution,lodash_4.17.10,ok,0,2.17,
prototype-pollution,lodash_4.17.11,ok,0,2.15,
prototype-pollution,lodash_4.17.15,ok,0,2.19,
prototype-pollution,lodash_4.17.9,ok,0,2.15,
prototype-pollution,lutils_2.4.0,ok,0,0.44,
prototype-pollution,lutils-merge_0.2.6,ok,0,0.42,
prototype-pollution,lyngs-digger_1.0.7,ok,0,0.70,
prototype-pollution,lyngs-merge_1.0.9,ok,0,3.13,
prototype-pollution,madlib-object-utils_0.1.6,ok,0,0.41,
prototype-pollution,mathjs_7.4.0,ok,0,4.54,
prototype-pollution,merge_2.1.0,ok,0,0.41,
prototype-pollution,merge-change_1.0.1,ok,0,0.44,
prototype-pollution,merge-deep2_3.0.5,ok,0,0.45,
prototype-pollution,merge-deep_3.0.0,ok,0,0.46,
prototype-pollution,merge-objects_1.0.3,ok,0,0.39,
prototype-pollution,merge-options_1.0.0,ok,0,0.42,
prototype-pollution,merge-recursive_0.0.3,ok,0,0.40,
prototype-pollution,mergify_1.0.2,ok,0,0.40,
prototype-pollution,minimist_1.0.0,ok,0,0.43,
prototype-pollution,mithril_1.0.0,ok,0,0.63,
prototype-pollution,mixin-deep_1.3.0,ok,0,0.41,
prototype-pollution,mixin-deep_2.0.0,ok,0,0.40,
prototype-pollution,mootools_1.5.2,ok,0,0.50,
prototype-pollution,mout_1.0.0,ok,0,0.87,
prototype-pollution,mpath_0.4.1,ok,0,0.42,
prototype-pollution,mquery_3.2.1,ok,0,1.48,
prototype-pollution,multi-ini_2.1.0,ok,0,2.43,
prototype-pollution,nconf-toml_0.0.1,ok,0,0.68,
prototype-pollution,nedb_1.8.0,ok,0,0.84,
prototype-pollution,nested-object-assign_1.0.3,ok,0,0.38,
prototype-pollution,nested-property_0.0.5,ok,0,0.40,
prototype-pollution,nestie_1.0.0,ok,0,0.40,
prototype-pollution,nis-utils_0.6.10,ok,0,1.86,
prototype-pollution,node-dig_1.0.1,ok,0,0.38,
prototype-pollution,nodee-utils_1.2.2,ok,0,1.38,
prototype-pollution,node-extend_1.0.0,ok,0,0.40,
prototype-pollution,node-forge_0.9.0,ok,0,1.75,
prototype-pollution,node-ini_1.0.0,ok,0,0.42,
prototype-pollution,node-oojs_1.4.0,ok,0,0.49,
prototype-pollution,object-collider_1.0.3,ok,0,0.42,
prototype-pollution,objection_2.0.0,ok,0,0.52,
prototype-pollution,object-path_0.11.0,ok,0,0.38,
prototype-pollution,object-path_0.11.4,ok,0,0.43,
prototype-pollution,object-path-set_1.0.0,ok,0,0.39,
prototype-pollution,objnest_5.0.0,ok,0,0.45,
prototype-pollution,objtools_3.0.0,ok,0,2.63,
prototype-pollution,objutil_2.17.3,ok,0,0.43,
prototype-pollution,patchmerge_1.0.0,ok,0,0.40,
prototype-pollution,patchmerge_1.0.1,ok,0,0.40,
prototype-pollution,pathval_1.1.0,ok,0,0.41,
prototype-pollution,paypal-adaptive_0.4.1,ok,0,0.44,
prototype-pollution,phpjs_1.3.2,ok,0,1.19,
prototype-pollution,plain-object-merge_1.0.1,ok,0,0.40,
prototype-pollution,predefine_0.1.2,ok,0,0.43,
prototype-pollution,promisehelpers_0.0.5,ok,0,0.40,
prototype-pollution,properties-reader_2.0.0,ok,0,0.44,
prototype-pollution,property-expr_2.0.2,ok,0,0.41,
prototype-pollution,Proto_1.1.4,ok,0,0.50,
prototype-pollution,prototyped.js_2.0.0,ok,0,0.41,
prototype-pollution,putil-merge_3.0.0,ok,0,0.41,
prototype-pollution,querymen_2.1.3,ok,0,2.67,
prototype-pollution,rdf-graph-array_0.3.0,ok,0,0.49,
prototype-pollution,record-like-deep-assign_1.0.1,ok,0,0.39,
prototype-pollution,rfc6902_4.0.2,ok,0,0.46,
prototype-pollution,safe-flat_2.0.0,ok,0,0.40,
prototype-pollution,safe-obj_1.0.0,ok,0,0.41,
prototype-pollution,safe-object2_1.0.3,ok,0,0.42,
prototype-pollution,safetydance_2.0.1,ok,0,0.43,
prototype-pollution,sahmat_1.0.0,ok,0,0.39,
prototype-pollution,sds_3.2.0,ok,0,1.49,
prototype-pollution,set-deep-prop_1.0.0,ok,0,0.39,
prototype-pollution,set-getter_0.1.0,ok,0,0.42,
prototype-pollution,set-in_1.0.0,ok,0,0.93,
prototype-pollution,set-object-value_0.0.5,ok,0,0.39,
prototype-pollution,set-or-get_1.2.10,ok,0,0.42,
prototype-pollution,set-value_3.0.0,ok,0,0.42,
prototype-pollution,shvl_2.0.1,ok,0,0.39,
prototype-pollution,simpl-schema_1.10.0,ok,0,0.87,
prototype-pollution,smart-extend_1.7.3,ok,0,0.43,
prototype-pollution,strikeentco-set_1.0.0,ok,0,0.39,
prototype-pollution,style-dictionary_2.10.2,ok,0,4.08,
prototype-pollution,supermixer_1.0.3,ok,0,0.51,
prototype-pollution,swiper_6.5.0,ok,0,1.24,
prototype-pollution,Templ8_0.7.0,ok,0,0.50,
prototype-pollution,think-config_1.0.0,ok,0,0.62,
prototype-pollution,think-helper_1.1.0,ok,0,0.48,
prototype-pollution,tiny-conf_1.1.0,ok,0,0.40,
prototype-pollution,total.js_3.4.6,ok,0,3.68,
prototype-pollution,tree-kit_0.6.1,ok,0,0.54,
prototype-pollution,ts-dot-prop_1.4.0,ok,0,0.43,
prototype-pollution,tsed-core_5.62.3,ok,0,0.83,
prototype-pollution,typeorm_0.2.24,ok,0,0.39,
prototype-pollution,uifabric-utilities_7.20.2,ok,0,0.99,
prototype-pollution,undefsafe_2.0.2,ok,0,0.41,
prototype-pollution,upmerge_0.1.7,ok,0,0.41,
prototype-pollution,utilitify_1.0.2,ok,0,0.81,
prototype-pollution,utils-extend_1.0.8,ok,0,0.41,
prototype-pollution,vega-util_1.13.0,ok,0,0.48,
prototype-pollution,viking04-merge_1.0.0,ok,0,0.39,
prototype-pollution,worksmith_1.0.0,ok,0,2.89,
prototype-pollution,x-assign_0.1.4,ok,0,0.39,
prototype-pollution,y18n_3.2.1,ok,0,0.42,
prototype-pollution,yargs-parser_6.0.0,ok,0,0.48,
redos,ajv_5.2.2,ok,0,0.95,
redos,amqp-match_0.0.0,ok,0,0.38,
redos,ansi-html_0.0.7,ok,0,0.41,
redos,ansi-regex_4.1.0,ok,0,0.39,
redos,axios_0.21.0,ok,0,0.42,
redos,brace-expansion_1.1.6,ok,0,0.43,
redos,browserslist_4.16.4,ok,0,0.64,
redos,cejs_2.0.20170212,ok,0,0.41,
redos,charset_1.0.0,ok,0,0.39,
redos,checkit_0.7.0,ok,0,0.99,
redos,chrono-node_2.2.3,ok,0,0.94,
redos,clean-css_4.1.10,ok,0,2.12,
redos,codemirror_5.58.0,ok,0,0.39,
redos,colors-cli_1.0.25,ok,0,0.44,
redos,color-string_1.5.4,ok,0,0.45,
redos,content_3.0.5,ok,0,0.51,
redos,content-type-parser_1.0.1,ok,0,0.42,
redos,conventional-commits-parser_3.2.0,ok,0,2.92,
redos,d3-color_2.0.0,ok,0,0.46,
redos,date-and-time_0.14.1,ok,0,0.45,
redos,dirty-json_0.4.0,ok,0,0.64,
redos,ducktype_1.2.0,ok,0,0.45,
redos,email-existence_0.1.5,ok,0,0.40,
redos,ethers_5.2.0,ok,0,3.39,
redos,express-validators_1.0.3,ok,0,0.44,
redos,fast-csv_4.3.5,ok,0,0.77,
redos,forwarded_0.1.0,ok,0,0.39,
redos,fresh_0.5.0,ok,0,0.39,
redos,github-url-to-object_4.0.2,ok,0,0.41,
redos,glob-parent_5.0.0,ok,0,0.41,
redos,highlight.js_10.4.0,ok,0,0.53,
redos,hosted-git-info_3.0.0,ok,0,0.51,
redos,html-dom-parser_0.1.2,ok,0,0.55,
redos,htmlparser_1.7.7,ok,0,0.49,
redos,html-parse-stringify_2.0.0,ok,0,0.42,
redos,html-parse-stringify2_2.0.1,ok,0,0.42,
redos,is-email_1.0.0,ok,0,0.39,
redos,is-my-json-valid_2.20.1,ok,0,0.50,
redos,is-svg_4.2.2,ok,0,0.39,
redos,is-url_1.2.2,ok,0,0.39,
redos,jspdf_2.1.1,ok,134,62.87,non-zero exit (see log)
redos,locutus_2.0.10,ok,0,0.40,
redos,lodash_4.17.4,ok,0,2.08,
redos,markdown_0.3.0,ok,0,0.51,
redos,markdown-it_9.1.0,ok,0,0.78,
redos,markdown-to-jsx_5.4.2,ok,0,0.99,
redos,marked_0.3.6,ok,0,0.52,
redos,method-override_2.0.0,ok,0,0.41,
redos,millisecond_0.1.1,ok,0,0.40,
redos,mime_1.4.0,ok,0,0.41,
redos,minimatch_3.0.0,ok,0,0.50,
redos,mobile-detect_1.3.6,ok,0,0.45,
redos,moment_2.18.1,ok,0,0.75,
redos,ms_0.7.0,ok,0,0.40,
redos,natural_5.1.0,ok,0,0.40,
redos,no-case_2.3.1,ok,0,0.40,
redos,normalize-url_6.0.0,ok,0,0.42,
redos,npm-user-validate_1.0.0,ok,0,0.42,
redos,nth-check_2.0.0,ok,0,0.42,
redos,papaparse_5.1.1,ok,0,0.56,
redos,parsejson_0.0.3,ok,0,0.39,
redos,path-parse_1.0.6,ok,0,0.40,
redos,platform_1.3.4,ok,0,0.50,
redos,postcss_8.0.0,ok,0,0.86,
redos,printf_0.6.0,ok,0,0.45,
redos,prompts_2.4.0,ok,0,0.38,
redos,prototype_0.0.5,ok,0,0.47,
redos,ramda_0.27.1,ok,0,8.79,
redos,react-native_0.63.0-rc.0,ok,0,0.38,
redos,remarkable_1.7.2,ok,0,0.87,
redos,remove-markdown_0.3.0,ok,0,0.40,
redos,revalidator_0.3.1,ok,0,0.44,
redos,rgb2hex_0.1.0,ok,0,0.40,
redos,sanitize_2.0.0,ok,0,1.37,
redos,semver-regex_3.1.1,ok,0,0.39,
redos,simple-markdown_0.7.2,ok,0,0.50,
redos,slug_0.9.1,ok,0,2.09,
redos,squalcal,n/a(no-package.json),0,0.38,
redos,sshpk_1.13.1,ok,0,1.23,
redos,ssri_8.0.0,ok,0,0.51,
redos,string_3.3.3,ok,0,0.51,
redos,terminal-kit_2.1.0,ok,0,1.34,
redos,three_0.122.0,ok,0,46.34,
redos,timespan_2.3.0,ok,0,0.44,
redos,tmpl_1.0.0,ok,0,0.39,
redos,tough-cookie_2.3.2,ok,0,0.63,
redos,trim_0.0.1,ok,0,0.39,
redos,trim-off-newlines_1.0.0,ok,0,0.39,
redos,truncate_2.0.0,ok,0,0.40,
redos,ua-parser-js_0.7.22,ok,0,0.50,
redos,underscore.string_3.3.4,ok,0,0.59,
redos,uri-js_2.1.1,ok,0,0.52,
redos,urlregex_0.5.0,ok,0,0.39,
redos,url-regex_5.0.0,ok,0,0.40,
redos,validator_13.5.2,ok,0,0.87,
redos,valid-email_0.0.1,ok,0,0.39,
redos,vant_2.12.11,ok,0,0.38,
redos,ws_7.0.0,ok,0,0.38,
command-injection,aaptjs_1.3.1,skipped(already-installed),0,0.71,
command-injection,adb-driver_0.1.8,skipped(already-installed),0,0.44,
command-injection,alfred-workflow-nodejs_2.0.1,skipped(already-installed),0,0.89,
command-injection,apex-publish-static-files_2.0.0,skipped(already-installed),0,0.40,
command-injection,apiconnect-cli-plugins_6.0.2,skipped(already-installed),134,76.00,non-zero exit (see log)
command-injection,arpping_2.0.0,skipped(already-installed),0,0.51,
command-injection,async-git_1.13.1,skipped(already-installed),0,0.44,
command-injection,bestzip_2.1.6,skipped(already-installed),0,2.74,
command-injection,blamer_0.1.13,skipped(already-installed),0,1.26,
command-injection,buns_1.1.6,skipped(already-installed),134,105.02,non-zero exit (see log)
command-injection,clamscan_1.2.0,skipped(already-installed),0,0.60,
command-injection,codecov_3.6.4,skipped(already-installed),0,2.12,
command-injection,command-exists_1.2.2,skipped(already-installed),0,0.41,
command-injection,compass-compile_0.0.1,skipped(already-installed),0,0.57,
command-injection,connection-tester_0.2.0,skipped(already-installed),0,0.41,
command-injection,corenlp-js-interface_1.0.3,failed,n/a,0,npm install failed
command-injection,corenlp-js-prefab_1.0.1,failed,n/a,0,npm install failed
command-injection,curling_0.2.0,skipped(already-installed),0,0.42,
command-injection,curljs_0.1.2,skipped(already-installed),0,0.42,
command-injection,deferred-exec_0.3.1,skipped(already-installed),0,2.36,
command-injection,diskstats_0.0.2,skipped(already-installed),0,0.42,
command-injection,diskusage-ng_0.2.6,skipped(already-installed),0,0.42,
command-injection,dns-sync_0.1.0,skipped(already-installed),0,0.56,
command-injection,effect_1.0.4,failed,n/a,0,npm install failed
command-injection,enpeem_2.2.0,skipped(already-installed),0,0.43,
command-injection,eslint-fixer_0.1.5,skipped(already-installed),0,0.41,
command-injection,extra-asciinema_1.0.0,skipped(already-installed),0,0.42,
command-injection,ffmpegdotjs_0.0.4,skipped(already-installed),0,0.42,
command-injection,ffmpeg-sdk_0.0.5,skipped(already-installed),0,0.41,
command-injection,find-process_1.4.4,skipped(already-installed),0,0.46,
command-injection,freespace_1.0.4,skipped(already-installed),0,0.41,
command-injection,geojson2kml_0.1.1,skipped(already-installed),0,0.39,
command-injection,get-npm-package-version_1.0.6,skipped(already-installed),0,0.39,
command-injection,git_0.1.5,skipped(already-installed),0,0.39,
command-injection,git-add-remote_1.0.0,skipped(already-installed),0,0.40,
command-injection,gitblame_0.1.1,skipped(already-installed),0,0.40,
command-injection,git-dummy-commit_1.3.0,skipped(already-installed),0,0.70,
command-injection,giting_0.0.7,skipped(already-installed),0,0.56,
command-injection,git-lib_1.6.0,skipped(already-installed),0,1.46,
command-injection,git-parse_1.0.4,skipped(already-installed),0,0.80,
command-injection,git-tags-remote_1.0.2,skipped(already-installed),0,0.52,
command-injection,gity_1.0.5,failed,n/a,0,npm install failed
command-injection,gm_1.20.0,skipped(already-installed),0,0.63,
command-injection,google-cloudstorage-commands_0.0.1,skipped(already-installed),0,0.40,
command-injection,growl_1.9.0,skipped(already-installed),0,0.42,
command-injection,gry_5.0.8,skipped(already-installed),0,0.47,
command-injection,heroku-env_0.2.0,skipped(already-installed),0,0.42,
command-injection,hot-formula-parser_3.0.0,skipped(already-installed),0,1.43,
command-injection,imagickal_5.0.1,skipped(already-installed),0,1.32,
command-injection,im-metadata_3.0.1,skipped(already-installed),0,0.42,
command-injection,im-resize_2.3.2,skipped(already-installed),0,0.43,
command-injection,jison_0.4.17,failed,n/a,0,npm install failed
command-injection,kill-by-port_0.0.1,skipped(already-installed),0,0.39,
command-injection,killing_1.0.6,skipped(already-installed),0,0.41,
command-injection,killport_1.0.1,skipped(already-installed),0,0.57,
command-injection,kill-port-process_0.0.1,skipped(already-installed),0,0.64,
command-injection,kill-process-by-name_1.0.5,skipped(already-installed),0,0.39,
command-injection,libnmap_0.4.11,skipped(already-installed),0,5.79,
command-injection,local-devices_2.0.0,skipped(already-installed),0,0.50,
command-injection,lsof_0.1.0,skipped(already-installed),0,0.42,
command-injection,lycwed-spritesheetjs_1.2.5,failed,n/a,0,npm install failed
command-injection,macaddress_0.2.8,skipped(already-installed),0,0.43,
command-injection,macfromip_1.1.1,skipped(already-installed),0,0.42,
command-injection,monorepo-build_0.1.9,skipped(already-installed),134,84.45,non-zero exit (see log)
command-injection,node-df_0.1.4,skipped(already-installed),0,0.43,
command-injection,node-key-sender_1.0.11,skipped(already-installed),0,0.43,
command-injection,node-latex-pdf_0.0.2,skipped(already-installed),0,0.40,
command-injection,node-mpv_0.12.2,skipped(already-installed),0,3.10,
command-injection,node-ps_0.0.2,skipped(already-installed),0,0.42,
command-injection,node-unrar_0.1.0,skipped(already-installed),0,0.40,
command-injection,npm-git-publish_0.2.4-beta,skipped(already-installed),0,1.64,
command-injection,npm-help_1.0.0,skipped(already-installed),0,0.52,
command-injection,onion-oled-js_0.0.2,skipped(already-installed),0,0.47,
command-injection,open_0.0.5,skipped(already-installed),0,0.41,
command-injection,pdf-image_1.0.5,skipped(already-installed),0,0.48,
command-injection,pdf-image_2.0.0,skipped(already-installed),0,0.48,
command-injection,pdfinfojs_0.3.6,skipped(already-installed),0,1.29,
command-injection,pidusage_1.0.0,skipped(already-installed),0,0.42,
command-injection,port-killer_1.0.1,skipped(already-installed),0,0.40,
command-injection,portkiller_1.0.2,skipped(already-installed),0,0.40,
command-injection,portprocesses_1.0.4,skipped(already-installed),0,0.41,
command-injection,ps_0.0.2,skipped(already-installed),0,0.41,
command-injection,ps-kill_1.0.0,skipped(already-installed),0,0.39,
command-injection,psnode_0.0.1,skipped(already-installed),0,0.55,
command-injection,ps-visitor_0.0.2,skipped(already-installed),0,0.44,
command-injection,react-dev-utils_11.0.0,skipped(already-installed),0,0.58,
command-injection,roar-pidusage_1.1.6,skipped(already-installed),0,0.43,
command-injection,samsung-remote_1.2.5,skipped(already-installed),0,0.41,
command-injection,scp_0.0.3,skipped(already-installed),0,0.40,
command-injection,strider-git_1.0.3,skipped(already-installed),0,0.50,
command-injection,theme-core_0.2.5,skipped(already-installed),0,1.54,
command-injection,thi.ng-egf_0.3.0,skipped(already-installed),0,2.65,
command-injection,total.js_3.4.6,skipped(already-installed),0,3.70,
command-injection,ts-process-promises_1.0.2,skipped(already-installed),0,1.40,
command-injection,umount_1.1.6,skipped(already-installed),0,2.23,
command-injection,vboxmanage.js_1.0.6,skipped(already-installed),0,0.45,
command-injection,wc-cmd_1.0.9,skipped(already-installed),0,0.41,
command-injection,whereis_0.4.0,skipped(already-installed),0,0.40,
command-injection,wincred_1.0.2,skipped(already-installed),0,0.40,
command-injection,xopen_1.0.0,skipped(already-installed),0,0.39,
command-injection,xps_1.0.2,skipped(already-installed),0,0.59,
path-traversal,11xiaoli_1.1.0,ok,0,0.39,
path-traversal,22lixian_1.0.0,ok,0,0.39,
path-traversal,angular-http-server_1.0.0,ok,0,0.39,
path-traversal,api-proxy_0.0.2,ok,0,0.44,
path-traversal,aso-server_0.4.3,ok,0,0.44,
path-traversal,asset-cache_0.0.6,ok,0,0.41,
path-traversal,atropa-ide_0.2.2-2,ok,0,0.49,
path-traversal,augustine_0.2.3,ok,0,0.39,
path-traversal,basic-static_2.0.2,ok,0,0.50,
path-traversal,bitty_0.1.0,ok,0,0.39,
path-traversal,caihong_1.0.0,ok,0,0.39,
path-traversal,canvas-designer_1.2.1,ok,0,0.39,
path-traversal,caolilinode_1.0.0,ok,0,0.39,
path-traversal,caolilinode1_1.0.0,ok,0,0.39,
path-traversal,config,skip,skip,0,no .test.js file found (malformed case dir)
path-traversal,crud-file-server_0.7.0,ok,0,0.38,
path-traversal,cuciuci_1.1.0,ok,0,0.38,
path-traversal,cuiaiguang_1.0.0,ok,0,0.39,
path-traversal,cxy_1.1.0,ok,0,0.39,
path-traversal,cyber-js_1.0.6,ok,0,0.39,
path-traversal,cypserver_1.0.0,ok,0,0.39,
path-traversal,datachannel-client_1.0.2,ok,0,0.39,
path-traversal,dcdcdcdcdc_1.0.0,ok,0,0.39,
path-traversal,der-server_0.0.9,ok,0,0.40,
path-traversal,dilu_0.1.3,ok,0,0.39,
path-traversal,dylmomo_1.0.0,ok,0,0.39,
path-traversal,easy-node-server_1.2.1,ok,0,0.41,
path-traversal,ex-http-frame_1.0.2,ok,0,0.39,
path-traversal,express-blinker_0.0.6,ok,0,0.59,
path-traversal,exxxxxxxxxxx_1.0.2,ok,0,0.39,
path-traversal,fakelearnnodejs_0.0.1,ok,0,0.39,
path-traversal,fast-http_0.1.3,ok,0,0.42,
path-traversal,fast-http-cli_0.0.8,ok,0,0.39,
path-traversal,fbr-client_1.0.3,ok,0,0.39,
path-traversal,file-static-server_1.0.2,ok,0,0.39,
path-traversal,fsk-server_0.2.1,ok,0,0.39,
path-traversal,gamebutler_1.0.4,ok,0,0.38,
path-traversal,gaoxiaotingtingting_1.1.0,ok,0,0.39,
path-traversal,gaoxuyan_1.1.0,ok,0,0.39,
path-traversal,getstats_1.0.6,ok,0,0.39,
path-traversal,gfm-srv_1.1.2,ok,0,0.39,
path-traversal,glance_3.0.0,ok,0,0.57,
path-traversal,goserv_1.0.0,ok,0,0.39,
path-traversal,gyfserver_1.0.0,ok,0,0.39,
path-traversal,hangersteak_0.2.2,ok,0,0.53,
path-traversal,hdsdhhksjd_1.0.0,ok,0,0.39,
path-traversal,hftp_0.0.6,ok,0,0.39,
path-traversal,hostr_2.0.0,ok,0,0.39,
path-traversal,httpea_3.0.4,ok,0,0.39,
path-traversal,http-file-server_0.2.6,ok,0,0.39,
path-traversal,http-live-simulator_1.0.0,ok,0,0.39,
path-traversal,infraserver_0.0.1,ok,0,0.39,
path-traversal,intsol-package_1.0.0,ok,0,0.38,
path-traversal,isv-http_0.0.9,ok,0,0.63,
path-traversal,lander_1.0.0,ok,0,0.40,
path-traversal,lessindex_1.0.0,ok,0,0.39,
path-traversal,lihuini_1.0.0,ok,0,0.39,
path-traversal,liuyaserver_1.0.0,ok,0,0.38,
path-traversal,liyujing_1.1.0,ok,0,0.39,
path-traversal,ljjnodeserve_1.0.0,ok,0,0.39,
path-traversal,looppake_3.0.0,ok,0,0.39,
path-traversal,ltt_1.1.0,ok,0,0.39,
path-traversal,ltt.js_1.0.0,ok,0,0.38,
path-traversal,lzl123_1.1.0,ok,0,0.39,
path-traversal,mcstatic_0.0.20,ok,0,0.39,
path-traversal,mfrs_1.0.0,ok,0,0.39,
path-traversal,mfrserver_1.0.0,ok,0,0.39,
path-traversal,m-server_1.4.0,ok,0,0.39,
path-traversal,myprolyz_1.1.0,ok,0,0.39,
path-traversal,myserve111_1.1.2,ok,0,0.39,
path-traversal,my-sn_1.0.1,ok,0,0.39,
path-traversal,nitro-server_1.3.3,ok,0,2.11,
path-traversal,nodeaaaaa_1.3.0,ok,0,0.39,
path-traversal,node-cxc_1.0.0,ok,0,0.39,
path-traversal,node-http-server_8.1.2,ok,0,0.44,
path-traversal,nodejsccc_1.0.0,ok,0,0.39,
path-traversal,node-simple-router_0.10.0,ok,0,0.62,
path-traversal,node-srv_2.0.0,ok,0,0.71,
path-traversal,node-staticserver_1.0.3,ok,0,0.45,
path-traversal,node-static-webserver_0.0.1,ok,0,0.41,
path-traversal,nopach_0.1.1,ok,0,0.39,
path-traversal,open-device_4.0.1,ok,0,0.39,
path-traversal,paopao613_1.0.0,ok,0,0.39,
path-traversal,peiserver_1.0.0,ok,0,0.39,
path-traversal,pico-static-server_2.3.4,ok,0,0.40,
path-traversal,proxey_0.4.2,ok,0,0.43,
path-traversal,ptest_1.0.0,ok,0,0.39,
path-traversal,public_0.1.2,ok,0,0.39,
path-traversal,pytservce_1.0.0,ok,0,0.39,
path-traversal,ritp_1.0.5,ok,0,0.39,
path-traversal,rjpserver_1.0.0,ok,0,0.40,
path-traversal,rollup-plugin-dev-server_0.4.3,ok,0,0.44,
path-traversal,rollup-plugin-serve_0.4.2,ok,0,0.44,
path-traversal,rollup-plugin-serve-favicon_0.4.2,ok,0,0.43,
path-traversal,rollup-plugin-server_0.7.0,ok,0,0.43,
path-traversal,rtcmulticonnection-client_1.0.5,ok,0,0.39,
path-traversal,run-this-place_1.0.2,ok,0,0.39,
path-traversal,sabu_1.0.6,ok,0,0.39,
path-traversal,serve46_1.0.0,ok,0,0.38,
path-traversal,serve-here.js_1.1.0,ok,0,0.42,
path-traversal,server12311_1.2.0,ok,0,0.39,
path-traversal,serverabc_1.0.0,ok,0,0.39,
path-traversal,serverfff_1.1.1,ok,0,0.39,
path-traversal,servergmf_1.1.0,ok,0,0.39,
path-traversal,serverhuwenhui_1.1.0,ok,0,0.39,
path-traversal,serverliujiayi1_1.1.0,ok,0,0.39,
path-traversal,serverlyj333_1.1.0,ok,0,0.40,
path-traversal,serverlyr_1.1.0,ok,0,0.39,
path-traversal,servershuai_1.2.0,ok,0,0.40,
path-traversal,serversyysyy_1.1.0,ok,0,0.39,
path-traversal,serverwg_1.0.0,ok,0,0.39,
path-traversal,serverwzl_1.3.1,ok,0,0.39,
path-traversal,serverxh_1.0.0,ok,0,0.39,
path-traversal,serverxxx_1.0.0,ok,0,0.39,
path-traversal,serveryaozeyan_1.0.4,ok,0,0.39,
path-traversal,serveryyl_1.1.0,ok,0,0.39,
path-traversal,serveryztyzt_1.4.0,ok,0,0.39,
path-traversal,serverzyqzyq_1.1.0,ok,0,0.38,
path-traversal,serverzyy_1.0.0,ok,0,0.39,
path-traversal,servewuqianqianqian_1.0.0,ok,0,0.39,
path-traversal,servey_2.2.0,ok,0,0.39,
path-traversal,severzlt_1.0.0,ok,0,0.39,
path-traversal,sgqserve_1.0.0,ok,0,0.39,
path-traversal,shenliru_1.2.0,ok,0,0.39,
path-traversal,shenliru3_1.3.0,ok,0,0.39,
path-traversal,shit-server_1.0.0,ok,0,0.39,
path-traversal,simple-mock-server_0.2.1,ok,0,0.39,
path-traversal,songcaihong_1.0.0,ok,0,0.39,
path-traversal,srverqq_1.0.0,failed,n/a,0,npm install failed
path-traversal,starfruit_0.2.2,ok,0,0.46,
path-traversal,static-html-server_0.1.2,ok,0,0.40,
path-traversal,statichttpserver_0.9.7,ok,0,0.38,
path-traversal,static-server-gx_1.2.1,ok,0,0.39,
path-traversal,statics-server_0.0.9,ok,0,0.39,
path-traversal,stattic_0.2.3,ok,0,0.62,
path-traversal,susu-sum_1.0.0,ok,0,0.39,
path-traversal,tinyserver_0.1.1,ok,0,0.39,
path-traversal,tinyserver2_0.5.2,ok,0,0.39,
path-traversal,uekw1511server_1.0.1,ok,0,0.39,
path-traversal,ussasasa_1.0.0,ok,0,0.39,
path-traversal,@vivaxy-here_3.1.0,ok,0,0.39,
path-traversal,wangguojing123_1.3.0,ok,0,0.39,
path-traversal,wangshuai_1.0.0,ok,0,0.42,
path-traversal,web-node-server_0.1.0,ok,0,0.44,
path-traversal,webrepl_0.4.7,ok,0,0.45,
path-traversal,welcomyzt_1.1.0,ok,0,0.39,
path-traversal,wenluhong1_1.0.0,ok,0,0.39,
path-traversal,wenluhong11_1.0.0,ok,0,0.39,
path-traversal,wenluhong111_1.0.0,ok,0,0.39,
path-traversal,wffserve_1.0.0,ok,0,0.39,
path-traversal,willvdb_test_server_0.0.0,ok,0,0.40,
path-traversal,wind-mvc_0.0.6,ok,0,0.39,
path-traversal,wintiwebdev_1.0.0,ok,0,0.40,
path-traversal,wrlc_0.2.5,ok,0,0.42,
path-traversal,wuzhuang_1.0.0,ok,0,0.38,
path-traversal,wuzhuangserver_1.8.0,ok,0,0.39,
path-traversal,xbhxbh_1.1.0,ok,0,0.39,
path-traversal,xingbaohai_1.0.0,ok,0,0.39,
path-traversal,xxf11_1.0.1,ok,0,0.39,
path-traversal,yjmyjmyjm_1.0.0,ok,0,0.39,
path-traversal,yxxserver_1.0.0,ok,0,0.38,
path-traversal,yyooopack_3.0.0,ok,0,0.39,
path-traversal,yypsulie11_1.0.0,ok,0,0.39,
path-traversal,yzt_1.4.0,ok,0,0.39,
path-traversal,zhanglina_1.0.0,ok,0,0.39,
path-traversal,zhangranbigman_0.0.1,ok,0,0.39,
path-traversal,zhaolei1111_1.1.0,ok,0,0.39,
path-traversal,zjjserver_1.0.0,ok,0,0.39,
path-traversal,zs123_1.0.0,ok,0,0.39,
path-traversal,zwserver_0.1.1,ok,0,0.39,
path-traversal,zxyserver_1.0.0,ok,0,0.39,
code-injection,access-policy_3.1.0,ok,0,0.42,
code-injection,cd-messenger_2.7.24,ok,0,0.54,
code-injection,djv_2.0.0,ok,0,0.54,
code-injection,hot-formula-parser_3.0.0,ok,0,1.46,
code-injection,is-my-json-valid_2.20.0,ok,0,0.51,
code-injection,jsen_0.6.6,ok,0,0.55,
code-injection,json-ptr_2.0.0,ok,0,0.54,
code-injection,js-yaml_3.13.0,ok,0,1.32,
code-injection,kmc_1.2.2,ok,0,0.70,
code-injection,local-devices_2.0.0,ok,0,0.50,
code-injection,marsdb_0.6.11,ok,0,1.00,
code-injection,mathjs_3.10.3,ok,0,58.84,
code-injection,mathjs_3.9.0,ok,0,56.91,
code-injection,mixin-pro_0.6.0,ok,0,0.42,
code-injection,m-log_0.0.1,ok,0,0.50,
code-injection,mobile-icon-resizer_0.4.0,ok,0,0.53,
code-injection,modjs_0.4.0,ok,0,2.35,
code-injection,modulify_0.1.0,ok,0,1.14,
code-injection,mol-proto_0.1.3,ok,0,0.50,
code-injection,mongoosemask_0.0.6,failed,n/a,0,npm install failed
code-injection,mongo-parse_2.1.0,ok,0,0.48,
code-injection,mosc_1.0.0,ok,0,0.41,
code-injection,node-extend_0.2.0,ok,0,0.40,
code-injection,node-rules_3.0.0,ok,0,0.63,
code-injection,node-serialize_0.0.3,ok,0,0.41,
code-injection,open_0.0.5,ok,0,0.40,
code-injection,pixl-class_1.0.0,ok,0,0.40,
code-injection,realms-shim_1.1.0,ok,0,0.46,
code-injection,reduce-css-calc_1.2.0,ok,0,0.43,
code-injection,safe-eval_0.2.0,ok,0,0.39,
code-injection,safer-eval_1.3.1,ok,0,0.43,
code-injection,serialize-javascript_2.0.0,ok,0,0.42,
code-injection,serialize-to-js_0.5.0,ok,0,0.69,
code-injection,static-eval_1.1.1,ok,0,1.56,
code-injection,thenify_3.3.0,ok,0,0.42,
code-injection,underscore_1.13.0-0,ok,0,0.62,
code-injection,value-censorship_1.1.0,ok,0,1.27,
code-injection,veval_1.0.0,ok,0,0.39,
code-injection,wifiscanner_1.0.1,ok,0,0.63,
code-injection,zhaoyao91-eval-in-vm_0.0.0,ok,0,0.39,
